libraryId,anatId,anatName,stageId,stage,sex,strain,platform
DRX002701,UBERON:0000956,cerebral cortex,MmulDv:0000018,1-year-old stage (macaque),male,NA,single
DRX002702,UBERON:0000956,cerebral cortex,MmulDv:0000018,1-year-old stage (macaque),male,NA,single
DRX002703,UBERON:0002037,cerebellum,MmulDv:0000018,1-year-old stage (macaque),male,NA,single
DRX002704,UBERON:0002037,cerebellum,MmulDv:0000018,1-year-old stage (macaque),male,NA,single
ERX016335,UBERON:0002107,liver,UBERON:0018241,prime adult stage,male,NA,single
ERX016343,UBERON:0002107,liver,UBERON:0018241,prime adult stage,male,NA,single
ERX1403306,UBERON:0002107,liver,UBERON:0018241,prime adult stage,male,NA,paired
ERX1403307,UBERON:0002107,liver,UBERON:0018241,prime adult stage,female,NA,paired
ERX1403308,UBERON:0002107,liver,UBERON:0018241,prime adult stage,male,NA,paired
ERX1403309,UBERON:0002107,liver,UBERON:0018241,prime adult stage,male,NA,paired
ERX221778,CL:0000057,fibroblast,UBERON:0000104,life cycle,female,NA,paired
ERX221779,CL:0000057,fibroblast,UBERON:0000104,life cycle,female,NA,paired
ERX221780,CL:0000057,fibroblast,UBERON:0000104,life cycle,female,NA,paired
ERX221781,CL:0000057,fibroblast,UBERON:0000104,life cycle,female,NA,paired
ERX221782,CL:0000057,fibroblast,UBERON:0000104,life cycle,female,NA,paired
ERX221783,CL:0000057,fibroblast,UBERON:0000104,life cycle,female,NA,paired
ERX221784,CL:0000057,fibroblast,UBERON:0000104,life cycle,female,NA,paired
ERX221785,CL:0000057,fibroblast,UBERON:0000104,life cycle,female,NA,paired
ERX221786,CL:0000057,fibroblast,UBERON:0000104,life cycle,female,NA,paired
ERX221787,CL:0000057,fibroblast,UBERON:0000104,life cycle,female,NA,paired
ERX2613081,UBERON:0001890,forebrain,UBERON:0007221,neonate stage,male,wild-type,single
ERX2613082,UBERON:0001890,forebrain,UBERON:0007221,neonate stage,male,wild-type,single
ERX2613083,UBERON:0001890,forebrain,UBERON:0007221,neonate stage,male,wild-type,single
ERX2613084,UBERON:0001890,forebrain,UBERON:0007221,neonate stage,male,wild-type,single
ERX2613085,UBERON:0001890,forebrain,UBERON:0007221,neonate stage,female,wild-type,single
ERX2613087,UBERON:0000948,heart,UBERON:0007221,neonate stage,male,wild-type,single
ERX2613088,UBERON:0000948,heart,UBERON:0007221,neonate stage,male,wild-type,single
ERX2613090,UBERON:0000948,heart,UBERON:0007221,neonate stage,male,wild-type,single
ERX2613091,UBERON:0000948,heart,UBERON:0007221,neonate stage,male,wild-type,single
ERX2613092,UBERON:0002028,hindbrain,UBERON:0007221,neonate stage,male,wild-type,single
ERX2613093,UBERON:0002028,hindbrain,UBERON:0007221,neonate stage,male,wild-type,single
ERX2613094,UBERON:0002028,hindbrain,UBERON:0007221,neonate stage,male,wild-type,single
ERX2613095,UBERON:0002028,hindbrain,UBERON:0007221,neonate stage,male,wild-type,single
ERX2613096,UBERON:0000082,adult mammalian kidney,UBERON:0007221,neonate stage,male,wild-type,single
ERX2613097,UBERON:0000082,adult mammalian kidney,UBERON:0007221,neonate stage,male,wild-type,single
ERX2613098,UBERON:0000082,adult mammalian kidney,UBERON:0007221,neonate stage,male,wild-type,single
ERX2613099,UBERON:0000082,adult mammalian kidney,UBERON:0007221,neonate stage,female,wild-type,single
ERX2613100,UBERON:0000082,adult mammalian kidney,UBERON:0007221,neonate stage,male,wild-type,single
ERX2613101,UBERON:0002107,liver,UBERON:0007221,neonate stage,male,wild-type,single
ERX2613102,UBERON:0002107,liver,UBERON:0007221,neonate stage,male,wild-type,single
ERX2613103,UBERON:0002107,liver,UBERON:0007221,neonate stage,male,wild-type,single
ERX2613104,UBERON:0002107,liver,UBERON:0007221,neonate stage,male,wild-type,single
ERX2613105,UBERON:0002107,liver,UBERON:0007221,neonate stage,female,wild-type,single
ERX2613106,UBERON:0002107,liver,UBERON:0007221,neonate stage,male,wild-type,single
ERX2613107,UBERON:0000473,testis,UBERON:0007221,neonate stage,male,wild-type,single
ERX2613108,UBERON:0000473,testis,UBERON:0007221,neonate stage,male,wild-type,single
ERX2613109,UBERON:0000473,testis,UBERON:0007221,neonate stage,male,wild-type,single
ERX2613110,UBERON:0000473,testis,UBERON:0007221,neonate stage,male,wild-type,single
ERX2613111,UBERON:0000473,testis,UBERON:0007221,neonate stage,male,wild-type,single
ERX2613113,UBERON:0001890,forebrain,MmulDv:0000018,1-year-old stage (macaque),male,wild-type,single
ERX2613114,UBERON:0001890,forebrain,MmulDv:0000018,1-year-old stage (macaque),male,wild-type,single
ERX2613115,UBERON:0000948,heart,MmulDv:0000018,1-year-old stage (macaque),male,wild-type,single
ERX2613116,UBERON:0000948,heart,MmulDv:0000018,1-year-old stage (macaque),male,wild-type,single
ERX2613117,UBERON:0000948,heart,MmulDv:0000018,1-year-old stage (macaque),male,wild-type,single
ERX2613118,UBERON:0002028,hindbrain,MmulDv:0000018,1-year-old stage (macaque),male,wild-type,single
ERX2613119,UBERON:0000082,adult mammalian kidney,MmulDv:0000018,1-year-old stage (macaque),male,wild-type,single
ERX2613120,UBERON:0000082,adult mammalian kidney,MmulDv:0000018,1-year-old stage (macaque),male,wild-type,single
ERX2613121,UBERON:0000082,adult mammalian kidney,MmulDv:0000018,1-year-old stage (macaque),male,wild-type,single
ERX2613122,UBERON:0000082,adult mammalian kidney,MmulDv:0000018,1-year-old stage (macaque),male,wild-type,single
ERX2613123,UBERON:0002107,liver,MmulDv:0000018,1-year-old stage (macaque),male,wild-type,single
ERX2613124,UBERON:0002107,liver,MmulDv:0000018,1-year-old stage (macaque),male,wild-type,single
ERX2613125,UBERON:0002107,liver,MmulDv:0000018,1-year-old stage (macaque),male,wild-type,single
ERX2613126,UBERON:0002107,liver,MmulDv:0000018,1-year-old stage (macaque),male,wild-type,single
ERX2613127,UBERON:0000473,testis,MmulDv:0000018,1-year-old stage (macaque),male,wild-type,single
ERX2613128,UBERON:0000473,testis,MmulDv:0000018,1-year-old stage (macaque),male,wild-type,single
ERX2613129,UBERON:0000473,testis,MmulDv:0000018,1-year-old stage (macaque),male,wild-type,single
ERX2613131,UBERON:0001890,forebrain,MmulDv:0000020,3-year-old immature stage (macaque),male,wild-type,single
ERX2613132,UBERON:0001890,forebrain,MmulDv:0000020,3-year-old immature stage (macaque),male,wild-type,single
ERX2613133,UBERON:0000948,heart,MmulDv:0000020,3-year-old immature stage (macaque),male,wild-type,single
ERX2613134,UBERON:0000948,heart,MmulDv:0000020,3-year-old immature stage (macaque),male,wild-type,single
ERX2613135,UBERON:0000948,heart,MmulDv:0000020,3-year-old immature stage (macaque),male,wild-type,single
ERX2613136,UBERON:0000948,heart,MmulDv:0000020,3-year-old immature stage (macaque),male,wild-type,single
ERX2613137,UBERON:0002028,hindbrain,MmulDv:0000020,3-year-old immature stage (macaque),male,wild-type,single
ERX2613138,UBERON:0002028,hindbrain,MmulDv:0000020,3-year-old immature stage (macaque),male,wild-type,single
ERX2613139,UBERON:0000082,adult mammalian kidney,MmulDv:0000020,3-year-old immature stage (macaque),male,wild-type,single
ERX2613140,UBERON:0000082,adult mammalian kidney,MmulDv:0000020,3-year-old immature stage (macaque),male,wild-type,single
ERX2613141,UBERON:0000082,adult mammalian kidney,MmulDv:0000020,3-year-old immature stage (macaque),male,wild-type,single
ERX2613142,UBERON:0000082,adult mammalian kidney,MmulDv:0000020,3-year-old immature stage (macaque),male,wild-type,single
ERX2613143,UBERON:0002107,liver,MmulDv:0000020,3-year-old immature stage (macaque),male,wild-type,single
ERX2613144,UBERON:0002107,liver,MmulDv:0000020,3-year-old immature stage (macaque),male,wild-type,single
ERX2613145,UBERON:0002107,liver,MmulDv:0000020,3-year-old immature stage (macaque),male,wild-type,single
ERX2613147,UBERON:0000473,testis,MmulDv:0000020,3-year-old immature stage (macaque),male,wild-type,single
ERX2613148,UBERON:0000473,testis,MmulDv:0000020,3-year-old immature stage (macaque),male,wild-type,single
ERX2613149,UBERON:0000473,testis,MmulDv:0000020,3-year-old immature stage (macaque),male,wild-type,single
ERX2613150,UBERON:0001890,forebrain,MmulDv:0000008,4-month-old stage (macaque),male,wild-type,single
ERX2613151,UBERON:0001890,forebrain,MmulDv:0000009,5-month-old stage (macaque),male,wild-type,single
ERX2613152,UBERON:0000948,heart,MmulDv:0000009,5-month-old stage (macaque),male,wild-type,single
ERX2613153,UBERON:0000948,heart,MmulDv:0000010,6-month-old stage (macaque),male,wild-type,single
ERX2613155,UBERON:0000948,heart,MmulDv:0000010,6-month-old stage (macaque),male,wild-type,single
ERX2613156,UBERON:0002028,hindbrain,MmulDv:0000009,5-month-old stage (macaque),male,wild-type,single
ERX2613157,UBERON:0002028,hindbrain,MmulDv:0000008,4-month-old stage (macaque),male,wild-type,single
ERX2613158,UBERON:0000082,adult mammalian kidney,MmulDv:0000009,5-month-old stage (macaque),male,wild-type,single
ERX2613159,UBERON:0000082,adult mammalian kidney,MmulDv:0000008,4-month-old stage (macaque),male,wild-type,single
ERX2613160,UBERON:0000082,adult mammalian kidney,MmulDv:0000010,6-month-old stage (macaque),male,wild-type,single
ERX2613161,UBERON:0002107,liver,MmulDv:0000009,5-month-old stage (macaque),male,wild-type,single
ERX2613162,UBERON:0002107,liver,MmulDv:0000010,6-month-old stage (macaque),male,wild-type,single
ERX2613163,UBERON:0002107,liver,MmulDv:0000010,6-month-old stage (macaque),male,wild-type,single
ERX2613164,UBERON:0000473,testis,MmulDv:0000008,4-month-old stage (macaque),male,wild-type,single
ERX2613165,UBERON:0000473,testis,MmulDv:0000009,5-month-old stage (macaque),male,wild-type,single
ERX2613166,UBERON:0000473,testis,MmulDv:0000010,6-month-old stage (macaque),male,wild-type,single
ERX2613167,UBERON:0000473,testis,MmulDv:0000010,6-month-old stage (macaque),male,wild-type,single
ERX2613169,UBERON:0000948,heart,MmulDv:0000028,8-year-old stage (macaque),female,wild-type,single
ERX2613170,UBERON:0000082,adult mammalian kidney,MmulDv:0000028,8-year-old stage (macaque),female,wild-type,single
ERX2613171,UBERON:0000082,adult mammalian kidney,MmulDv:0000028,8-year-old stage (macaque),male,wild-type,single
ERX2613172,UBERON:0002107,liver,MmulDv:0000028,8-year-old stage (macaque),female,wild-type,single
ERX2613173,UBERON:0001890,forebrain,MmulDv:0000029,9-year-old stage (macaque),male,wild-type,single
ERX2613174,UBERON:0001890,forebrain,MmulDv:0000029,9-year-old stage (macaque),male,wild-type,single
ERX2613176,UBERON:0000948,heart,MmulDv:0000029,9-year-old stage (macaque),male,wild-type,single
ERX2613177,UBERON:0000948,heart,MmulDv:0000029,9-year-old stage (macaque),male,wild-type,single
ERX2613178,UBERON:0002028,hindbrain,MmulDv:0000029,9-year-old stage (macaque),male,wild-type,single
ERX2613179,UBERON:0000082,adult mammalian kidney,MmulDv:0000029,9-year-old stage (macaque),male,wild-type,single
ERX2613180,UBERON:0000082,adult mammalian kidney,MmulDv:0000029,9-year-old stage (macaque),female,wild-type,single
ERX2613181,UBERON:0002107,liver,MmulDv:0000029,9-year-old stage (macaque),male,wild-type,single
ERX2613182,UBERON:0002107,liver,MmulDv:0000029,9-year-old stage (macaque),male,wild-type,single
ERX2613183,UBERON:0002107,liver,MmulDv:0000029,9-year-old stage (macaque),female,wild-type,single
ERX2613185,UBERON:0000473,testis,MmulDv:0000029,9-year-old stage (macaque),male,wild-type,single
ERX2613186,UBERON:0000473,testis,MmulDv:0000029,9-year-old stage (macaque),male,wild-type,single
ERX2613188,UBERON:0001890,forebrain,UBERON:0007221,neonate stage,male,wild-type,single
ERX2613189,UBERON:0001890,forebrain,UBERON:0000068,embryo stage,female,wild-type,single
ERX2613191,UBERON:0000948,heart,UBERON:0000068,embryo stage,female,wild-type,single
ERX2613192,UBERON:0002113,kidney,UBERON:0000068,embryo stage,female,wild-type,single
ERX2613193,UBERON:0002113,kidney,UBERON:0000068,embryo stage,female,wild-type,single
ERX2613194,UBERON:0002107,liver,UBERON:0000068,embryo stage,female,wild-type,single
ERX2613195,UBERON:0002107,liver,UBERON:0000068,embryo stage,female,wild-type,single
ERX2613197,UBERON:0001890,forebrain,UBERON:0000068,embryo stage,male,wild-type,single
ERX2613198,UBERON:0000948,heart,UBERON:0000068,embryo stage,male,wild-type,single
ERX2613199,UBERON:0000948,heart,UBERON:0000068,embryo stage,male,wild-type,single
ERX2613200,UBERON:0002113,kidney,UBERON:0000068,embryo stage,male,wild-type,single
ERX2613201,UBERON:0002113,kidney,UBERON:0000068,embryo stage,male,wild-type,single
ERX2613202,UBERON:0002107,liver,UBERON:0000068,embryo stage,male,wild-type,single
ERX2613203,UBERON:0002107,liver,UBERON:0000068,embryo stage,male,wild-type,single
ERX2613204,UBERON:0000473,testis,UBERON:0000068,embryo stage,male,wild-type,single
ERX2613205,UBERON:0000473,testis,UBERON:0000068,embryo stage,male,wild-type,single
ERX2613206,UBERON:0001890,forebrain,UBERON:0000068,embryo stage,male,wild-type,single
ERX2613207,UBERON:0000948,heart,UBERON:0000068,embryo stage,male,wild-type,single
ERX2613208,UBERON:0002113,kidney,UBERON:0000068,embryo stage,male,wild-type,single
ERX2613209,UBERON:0002107,liver,UBERON:0000068,embryo stage,male,wild-type,single
ERX2613210,UBERON:0000473,testis,UBERON:0000068,embryo stage,male,wild-type,single
ERX2613211,UBERON:0001890,forebrain,UBERON:0000068,embryo stage,male,wild-type,single
ERX2613212,UBERON:0001890,forebrain,UBERON:0000068,embryo stage,male,wild-type,single
ERX2613213,UBERON:0001890,forebrain,UBERON:0000068,embryo stage,male,wild-type,single
ERX2613214,UBERON:0000948,heart,UBERON:0000068,embryo stage,male,wild-type,single
ERX2613215,UBERON:0000948,heart,UBERON:0000068,embryo stage,male,wild-type,single
ERX2613216,UBERON:0002028,hindbrain,UBERON:0000068,embryo stage,male,wild-type,single
ERX2613217,UBERON:0002113,kidney,UBERON:0000068,embryo stage,male,wild-type,single
ERX2613218,UBERON:0002113,kidney,UBERON:0000068,embryo stage,male,wild-type,single
ERX2613219,UBERON:0002107,liver,UBERON:0000068,embryo stage,male,wild-type,single
ERX2613220,UBERON:0002107,liver,UBERON:0000068,embryo stage,male,wild-type,single
ERX2613221,UBERON:0000473,testis,UBERON:0000068,embryo stage,male,wild-type,single
ERX2613222,UBERON:0000473,testis,UBERON:0000068,embryo stage,male,wild-type,single
ERX2613223,UBERON:0001890,forebrain,UBERON:0000068,embryo stage,male,wild-type,single
ERX2613224,UBERON:0001890,forebrain,UBERON:0000068,embryo stage,male,wild-type,single
ERX2613225,UBERON:0000948,heart,UBERON:0000068,embryo stage,male,wild-type,single
ERX2613226,UBERON:0002028,hindbrain,UBERON:0000068,embryo stage,male,wild-type,single
ERX2613227,UBERON:0002028,hindbrain,UBERON:0000068,embryo stage,male,wild-type,single
ERX2613228,UBERON:0002113,kidney,UBERON:0000068,embryo stage,male,wild-type,single
ERX2613229,UBERON:0002113,kidney,UBERON:0000068,embryo stage,male,wild-type,single
ERX2613230,UBERON:0002107,liver,UBERON:0000068,embryo stage,male,wild-type,single
ERX2613231,UBERON:0002107,liver,UBERON:0000068,embryo stage,male,wild-type,single
ERX2613232,UBERON:0000473,testis,UBERON:0000068,embryo stage,male,wild-type,single
ERX2613233,UBERON:0000473,testis,UBERON:0000068,embryo stage,male,wild-type,single
ERX2613234,UBERON:0001890,forebrain,MmulDv:0000034,14-year-old stage (macaque),male,wild-type,single
ERX2613235,UBERON:0001890,forebrain,MmulDv:0000035,15-year-old stage (macaque),male,wild-type,single
ERX2613236,UBERON:0000948,heart,MmulDv:0000034,14-year-old stage (macaque),male,wild-type,single
ERX2613237,UBERON:0000948,heart,MmulDv:0000035,15-year-old stage (macaque),male,wild-type,single
ERX2613238,UBERON:0002028,hindbrain,MmulDv:0000035,15-year-old stage (macaque),male,wild-type,single
ERX2613239,UBERON:0000082,adult mammalian kidney,MmulDv:0000034,14-year-old stage (macaque),male,wild-type,single
ERX2613240,UBERON:0000082,adult mammalian kidney,MmulDv:0000035,15-year-old stage (macaque),male,wild-type,single
ERX2613241,UBERON:0002107,liver,MmulDv:0000035,15-year-old stage (macaque),male,wild-type,single
ERX2613242,UBERON:0002107,liver,MmulDv:0000034,14-year-old stage (macaque),male,wild-type,single
ERX2613243,UBERON:0002107,liver,MmulDv:0000034,14-year-old stage (macaque),male,wild-type,single
ERX2613244,UBERON:0000473,testis,MmulDv:0000035,15-year-old stage (macaque),male,wild-type,single
ERX2613245,UBERON:0000473,testis,MmulDv:0000034,14-year-old stage (macaque),male,wild-type,single
ERX2613246,UBERON:0001890,forebrain,MmulDv:0000041,21-year-old stage (macaque),male,wild-type,single
ERX2613247,UBERON:0000948,heart,MmulDv:0000040,20-year-old stage (macaque),male,wild-type,single
ERX2613248,UBERON:0000948,heart,MmulDv:0000048,26-year-old stage (macaque),male,wild-type,single
ERX2613249,UBERON:0002028,hindbrain,MmulDv:0000041,21-year-old stage (macaque),male,wild-type,single
ERX2613250,UBERON:0000082,adult mammalian kidney,MmulDv:0000040,20-year-old stage (macaque),male,wild-type,single
ERX2613251,UBERON:0000082,adult mammalian kidney,MmulDv:0000048,26-year-old stage (macaque),male,wild-type,single
ERX2613252,UBERON:0002107,liver,MmulDv:0000041,21-year-old stage (macaque),male,wild-type,single
ERX2613253,UBERON:0000473,testis,MmulDv:0000041,21-year-old stage (macaque),male,wild-type,single
ERX2613254,UBERON:0001890,forebrain,MmulDv:0000042,22-year-old stage (macaque),male,wild-type,single
ERX2613255,UBERON:0002028,hindbrain,MmulDv:0000042,22-year-old stage (macaque),male,wild-type,single
ERX2613256,UBERON:0002107,liver,MmulDv:0000042,22-year-old stage (macaque),male,wild-type,single
ERX2613257,UBERON:0000473,testis,MmulDv:0000042,22-year-old stage (macaque),male,wild-type,single
ERX2819198,UBERON:0001893,telencephalon,MmulDv:0000029,9-year-old stage (macaque),male,NA,single
ERX2819199,UBERON:0001893,telencephalon,MmulDv:0000030,10-year-old stage (macaque),male,NA,single
ERX2819200,UBERON:0001893,telencephalon,MmulDv:0000029,9-year-old stage (macaque),male,NA,single
ERX2819204,UBERON:0002107,liver,MmulDv:0000029,9-year-old stage (macaque),male,NA,single
ERX2819205,UBERON:0002107,liver,MmulDv:0000028,8-year-old stage (macaque),male,NA,single
ERX2819206,UBERON:0002107,liver,MmulDv:0000029,9-year-old stage (macaque),male,NA,single
ERX2819210,UBERON:0000473,testis,MmulDv:0000029,9-year-old stage (macaque),male,NA,single
ERX2819211,UBERON:0000473,testis,MmulDv:0000030,10-year-old stage (macaque),male,NA,single
ERX2819212,UBERON:0000473,testis,MmulDv:0000029,9-year-old stage (macaque),male,NA,single
ERX3280288,UBERON:0005386,olfactory segment of nasal mucosa,UBERON:0000104,life cycle,male,NA,paired
ERX3280289,UBERON:0005386,olfactory segment of nasal mucosa,UBERON:0000104,life cycle,male,NA,paired
ERX3280290,UBERON:0005386,olfactory segment of nasal mucosa,MmulDv:0000024,4-year-old stage (macaque),male,NA,paired
ERX3280291,UBERON:0005386,olfactory segment of nasal mucosa,UBERON:0000104,life cycle,male,NA,paired
ERX3280292,UBERON:0005386,olfactory segment of nasal mucosa,UBERON:0000104,life cycle,male,NA,paired
ERX3280293,UBERON:0005386,olfactory segment of nasal mucosa,MmulDv:0000024,4-year-old stage (macaque),male,NA,paired
ERX3439274,UBERON:0002107,liver,MmulDv:0000029,9-year-old stage (macaque),male,NA,paired
ERX3439284,UBERON:0000955,brain,MmulDv:0000041,21-year-old stage (macaque),male,NA,paired
ERX3441385,UBERON:0002107,liver,MmulDv:0000025,5-year-old stage (macaque),male,NA,paired
ERX3441393,UBERON:0000473,testis,MmulDv:0000029,9-year-old stage (macaque),male,NA,paired
ERX3441402,UBERON:0003663,hindlimb muscle,MmulDv:0000036,16-year-old stage (macaque),male,NA,paired
ERX3441428,UBERON:0000473,testis,MmulDv:0000036,16-year-old stage (macaque),male,NA,paired
ERX3441432,UBERON:0000473,testis,MmulDv:0000039,19-year-old stage (macaque),male,NA,paired
ERX3441434,UBERON:0003663,hindlimb muscle,MmulDv:0000039,19-year-old stage (macaque),male,NA,paired
ERX3441436,UBERON:0002107,liver,MmulDv:0000039,19-year-old stage (macaque),male,NA,paired
ERX3441438,UBERON:0003663,hindlimb muscle,MmulDv:0000029,9-year-old stage (macaque),male,NA,paired
ERX3441444,UBERON:0002107,liver,MmulDv:0000029,9-year-old stage (macaque),male,NA,paired
ERX3441447,UBERON:0000955,brain,MmulDv:0000039,19-year-old stage (macaque),male,NA,paired
ERX3441451,UBERON:0000955,brain,MmulDv:0000029,9-year-old stage (macaque),male,NA,paired
ERX3441454,UBERON:0000955,brain,MmulDv:0000036,16-year-old stage (macaque),male,NA,paired
ERX3495699,UBERON:0000451,prefrontal cortex,MmulDv:0000027,7-year-old stage (macaque),male,NA,paired
ERX3495700,UBERON:0000451,prefrontal cortex,MmulDv:0000027,7-year-old stage (macaque),male,NA,paired
ERX3495701,UBERON:0000451,prefrontal cortex,MmulDv:0000027,7-year-old stage (macaque),male,NA,paired
ERX3495702,UBERON:0000451,prefrontal cortex,MmulDv:0000027,7-year-old stage (macaque),male,NA,paired
ERX3495703,UBERON:0000451,prefrontal cortex,MmulDv:0000027,7-year-old stage (macaque),male,NA,paired
ERX3495704,UBERON:0000451,prefrontal cortex,MmulDv:0000027,7-year-old stage (macaque),male,NA,paired
ERX3495705,UBERON:0000451,prefrontal cortex,MmulDv:0000027,7-year-old stage (macaque),male,NA,paired
ERX3495706,UBERON:0000451,prefrontal cortex,MmulDv:0000027,7-year-old stage (macaque),male,NA,paired
ERX3495707,UBERON:0000451,prefrontal cortex,MmulDv:0000027,7-year-old stage (macaque),male,NA,paired
ERX3495708,UBERON:0000451,prefrontal cortex,MmulDv:0000027,7-year-old stage (macaque),male,NA,paired
ERX3495709,UBERON:0000451,prefrontal cortex,MmulDv:0000029,9-year-old stage (macaque),male,NA,paired
ERX3495710,UBERON:0000451,prefrontal cortex,MmulDv:0000029,9-year-old stage (macaque),male,NA,paired
ERX3495711,UBERON:0000451,prefrontal cortex,MmulDv:0000029,9-year-old stage (macaque),male,NA,paired
ERX3495712,UBERON:0000451,prefrontal cortex,MmulDv:0000029,9-year-old stage (macaque),male,NA,paired
ERX3495713,UBERON:0000451,prefrontal cortex,MmulDv:0000029,9-year-old stage (macaque),male,NA,paired
ERX3495714,UBERON:0000451,prefrontal cortex,MmulDv:0000029,9-year-old stage (macaque),male,NA,paired
ERX3495715,UBERON:0000451,prefrontal cortex,MmulDv:0000029,9-year-old stage (macaque),male,NA,paired
ERX3495716,UBERON:0000451,prefrontal cortex,MmulDv:0000029,9-year-old stage (macaque),male,NA,paired
ERX3495717,UBERON:0000451,prefrontal cortex,MmulDv:0000029,9-year-old stage (macaque),male,NA,paired
ERX3495718,UBERON:0000451,prefrontal cortex,MmulDv:0000029,9-year-old stage (macaque),male,NA,paired
ERX3495719,UBERON:0000451,prefrontal cortex,MmulDv:0000029,9-year-old stage (macaque),male,NA,paired
ERX3495720,UBERON:0000451,prefrontal cortex,MmulDv:0000029,9-year-old stage (macaque),male,NA,paired
ERX3495721,UBERON:0000451,prefrontal cortex,MmulDv:0000029,9-year-old stage (macaque),male,NA,paired
ERX3495722,UBERON:0000451,prefrontal cortex,MmulDv:0000029,9-year-old stage (macaque),male,NA,paired
ERX3495723,UBERON:0000451,prefrontal cortex,MmulDv:0000029,9-year-old stage (macaque),male,NA,paired
ERX3495724,UBERON:0000451,prefrontal cortex,MmulDv:0000029,9-year-old stage (macaque),male,NA,paired
ERX3495725,UBERON:0000451,prefrontal cortex,MmulDv:0000029,9-year-old stage (macaque),male,NA,paired
ERX3495726,UBERON:0000451,prefrontal cortex,MmulDv:0000029,9-year-old stage (macaque),male,NA,paired
ERX3495727,UBERON:0000451,prefrontal cortex,MmulDv:0000029,9-year-old stage (macaque),male,NA,paired
ERX3495728,UBERON:0000451,prefrontal cortex,MmulDv:0000029,9-year-old stage (macaque),male,NA,paired
ERX675434,UBERON:0005386,olfactory segment of nasal mucosa,UBERON:0000104,life cycle,NA,NA,paired
ERX675435,UBERON:0005386,olfactory segment of nasal mucosa,UBERON:0000104,life cycle,NA,NA,paired
ERX675436,UBERON:0005386,olfactory segment of nasal mucosa,UBERON:0000104,life cycle,NA,NA,paired
ERX675446,UBERON:0005386,olfactory segment of nasal mucosa,UBERON:0000104,life cycle,NA,NA,paired
ERX675447,UBERON:0005386,olfactory segment of nasal mucosa,UBERON:0000104,life cycle,NA,NA,paired
ERX675448,UBERON:0005386,olfactory segment of nasal mucosa,UBERON:0000104,life cycle,NA,NA,paired
ERX675458,UBERON:0005386,olfactory segment of nasal mucosa,UBERON:0000104,life cycle,NA,NA,paired
ERX675459,UBERON:0005386,olfactory segment of nasal mucosa,UBERON:0000104,life cycle,NA,NA,paired
ERX675460,UBERON:0005386,olfactory segment of nasal mucosa,UBERON:0000104,life cycle,NA,NA,paired
ERX675470,UBERON:0005386,olfactory segment of nasal mucosa,UBERON:0000104,life cycle,NA,NA,paired
ERX675471,UBERON:0005386,olfactory segment of nasal mucosa,UBERON:0000104,life cycle,NA,NA,paired
ERX675472,UBERON:0005386,olfactory segment of nasal mucosa,UBERON:0000104,life cycle,NA,NA,paired
SRX014842,UBERON:0002107,liver,UBERON:0000104,life cycle,female,NA,single
SRX014843,UBERON:0002107,liver,UBERON:0000104,life cycle,female,NA,single
SRX014844,UBERON:0002107,liver,UBERON:0000104,life cycle,female,NA,single
SRX014845,UBERON:0002107,liver,UBERON:0000104,life cycle,female,NA,single
SRX014846,UBERON:0002107,liver,UBERON:0000104,life cycle,female,NA,single
SRX014847,UBERON:0002107,liver,UBERON:0000104,life cycle,female,NA,single
SRX014848,UBERON:0002107,liver,UBERON:0000104,life cycle,male,NA,single
SRX014849,UBERON:0002107,liver,UBERON:0000104,life cycle,male,NA,single
SRX014850,UBERON:0002107,liver,UBERON:0000104,life cycle,male,NA,single
SRX014851,UBERON:0002107,liver,UBERON:0000104,life cycle,male,NA,single
SRX014852,UBERON:0002107,liver,UBERON:0000104,life cycle,male,NA,single
SRX014853,UBERON:0002107,liver,UBERON:0000104,life cycle,male,NA,single
SRX025579,UBERON:0002037,cerebellum,UBERON:0000104,life cycle,NA,NA,single
SRX066572,UBERON:0000955,brain,UBERON:0000104,life cycle,male,indian,paired
SRX066573,UBERON:0000948,heart,UBERON:0000104,life cycle,male,indian,paired
SRX066574,UBERON:0000082,adult mammalian kidney,UBERON:0000104,life cycle,male,indian,paired
SRX066575,UBERON:0002107,liver,UBERON:0000104,life cycle,male,indian,paired
SRX066576,UBERON:0001377,quadriceps femoris,UBERON:0000104,life cycle,male,indian,paired
SRX066577,UBERON:0000473,testis,UBERON:0000104,life cycle,male,indian,paired
SRX080237,UBERON:0000955,brain,UBERON:0000104,life cycle,NA,NA,single
SRX080238,UBERON:0002116,ileum,UBERON:0000104,life cycle,NA,NA,single
SRX080239,UBERON:0002113,kidney,UBERON:0000104,life cycle,NA,NA,single
SRX080240,UBERON:0002107,liver,UBERON:0000104,life cycle,NA,NA,single
SRX080241,UBERON:0000473,testis,UBERON:0000104,life cycle,male,NA,single
SRX081922,UBERON:0000955,brain,MmulDv:0000028,8-year-old stage (macaque),female,NA,single
SRX081923,UBERON:0000955,brain,MmulDv:0000028,8-year-old stage (macaque),male,NA,single
SRX081924,UBERON:0000451,prefrontal cortex,MmulDv:0000027,7-year-old stage (macaque),male,NA,paired
SRX081925,UBERON:0002037,cerebellum,MmulDv:0000028,8-year-old stage (macaque),female,NA,single
SRX081926,UBERON:0002037,cerebellum,MmulDv:0000028,8-year-old stage (macaque),male,NA,single
SRX081927,UBERON:0000948,heart,MmulDv:0000028,8-year-old stage (macaque),female,NA,single
SRX081928,UBERON:0000948,heart,MmulDv:0000028,8-year-old stage (macaque),male,NA,single
SRX081929,UBERON:0000082,adult mammalian kidney,MmulDv:0000028,8-year-old stage (macaque),female,NA,single
SRX081930,UBERON:0000082,adult mammalian kidney,MmulDv:0000028,8-year-old stage (macaque),male,NA,single
SRX081931,UBERON:0002107,liver,MmulDv:0000028,8-year-old stage (macaque),female,NA,single
SRX081932,UBERON:0002107,liver,MmulDv:0000028,8-year-old stage (macaque),male,NA,single
SRX081933,UBERON:0000473,testis,MmulDv:0000028,8-year-old stage (macaque),male,NA,single
SRX081934,UBERON:0000473,testis,MmulDv:0000029,9-year-old stage (macaque),male,NA,single
SRX102930,UBERON:0000468,multicellular organism,UBERON:0000104,life cycle,NA,NA,paired
SRX102935,UBERON:0000468,multicellular organism,UBERON:0000104,life cycle,NA,NA,paired
SRX102962,UBERON:0000468,multicellular organism,UBERON:0000104,life cycle,NA,NA,paired
SRX102963,UBERON:0000468,multicellular organism,UBERON:0000104,life cycle,NA,NA,paired
SRX1038922,UBERON:0001870,frontal cortex,MmulDv:0000006,2-month-old stage (macaque),male,NA,paired
SRX1038923,UBERON:0000948,heart,MmulDv:0000006,2-month-old stage (macaque),male,NA,paired
SRX1038924,UBERON:0002107,liver,MmulDv:0000006,2-month-old stage (macaque),male,NA,paired
SRX1038925,UBERON:0000473,testis,MmulDv:0000006,2-month-old stage (macaque),male,NA,paired
SRX105923,UBERON:0000451,prefrontal cortex,UBERON:0007221,neonate stage,NA,NA,paired
SRX105924,UBERON:0000451,prefrontal cortex,UBERON:0018241,prime adult stage,NA,NA,paired
SRX106092,UBERON:0002129,cerebellar cortex,UBERON:0007221,neonate stage,NA,NA,paired
SRX106093,UBERON:0002129,cerebellar cortex,UBERON:0018241,prime adult stage,NA,NA,paired
SRX111324,UBERON:0001013,adipose tissue,UBERON:0000104,life cycle,male,NA,paired
SRX111325,UBERON:0000451,prefrontal cortex,UBERON:0000104,life cycle,male,NA,paired
SRX111326,UBERON:0002107,liver,UBERON:0000104,life cycle,male,NA,paired
SRX111327,UBERON:0001134,skeletal muscle tissue,UBERON:0000104,life cycle,male,NA,paired
SRX111328,UBERON:0000473,testis,UBERON:0000104,life cycle,male,NA,paired
SRX1383017,UBERON:0000451,prefrontal cortex,MmulDv:0000033,13-year-old stage (macaque),male,NA,single
SRX1383018,UBERON:0000451,prefrontal cortex,MmulDv:0000033,13-year-old stage (macaque),male,NA,single
SRX1383019,UBERON:0000451,prefrontal cortex,MmulDv:0000033,13-year-old stage (macaque),male,NA,single
SRX1383020,UBERON:0000451,prefrontal cortex,MmulDv:0000033,13-year-old stage (macaque),male,NA,single
SRX1383021,UBERON:0000451,prefrontal cortex,MmulDv:0000033,13-year-old stage (macaque),male,NA,single
SRX1383022,UBERON:0000451,prefrontal cortex,MmulDv:0000033,13-year-old stage (macaque),male,NA,single
SRX1383023,UBERON:0000451,prefrontal cortex,MmulDv:0000033,13-year-old stage (macaque),male,NA,single
SRX1383024,UBERON:0000451,prefrontal cortex,MmulDv:0000033,13-year-old stage (macaque),male,NA,single
SRX1383025,UBERON:0000451,prefrontal cortex,MmulDv:0000033,13-year-old stage (macaque),male,NA,single
SRX1383026,UBERON:0000451,prefrontal cortex,MmulDv:0000033,13-year-old stage (macaque),male,NA,single
SRX1383027,UBERON:0000451,prefrontal cortex,MmulDv:0000033,13-year-old stage (macaque),male,NA,single
SRX1383028,UBERON:0000451,prefrontal cortex,MmulDv:0000033,13-year-old stage (macaque),male,NA,single
SRX1383029,UBERON:0000451,prefrontal cortex,MmulDv:0000033,13-year-old stage (macaque),male,NA,single
SRX1383030,UBERON:0000451,prefrontal cortex,MmulDv:0000033,13-year-old stage (macaque),male,NA,single
SRX1383031,UBERON:0000451,prefrontal cortex,MmulDv:0000033,13-year-old stage (macaque),male,NA,single
SRX1383032,UBERON:0000451,prefrontal cortex,MmulDv:0000033,13-year-old stage (macaque),male,NA,single
SRX1383033,UBERON:0000451,prefrontal cortex,MmulDv:0000033,13-year-old stage (macaque),male,NA,single
SRX1383034,UBERON:0000451,prefrontal cortex,MmulDv:0000034,14-year-old stage (macaque),male,NA,single
SRX1383035,UBERON:0000451,prefrontal cortex,MmulDv:0000034,14-year-old stage (macaque),male,NA,single
SRX1383036,UBERON:0000451,prefrontal cortex,MmulDv:0000034,14-year-old stage (macaque),male,NA,single
SRX1383037,UBERON:0000451,prefrontal cortex,MmulDv:0000034,14-year-old stage (macaque),male,NA,single
SRX1383038,UBERON:0000451,prefrontal cortex,MmulDv:0000034,14-year-old stage (macaque),male,NA,single
SRX1383039,UBERON:0000451,prefrontal cortex,MmulDv:0000034,14-year-old stage (macaque),male,NA,single
SRX1383040,UBERON:0000451,prefrontal cortex,MmulDv:0000034,14-year-old stage (macaque),male,NA,single
SRX1383041,UBERON:0000451,prefrontal cortex,MmulDv:0000034,14-year-old stage (macaque),male,NA,single
SRX1383042,UBERON:0000451,prefrontal cortex,MmulDv:0000034,14-year-old stage (macaque),male,NA,single
SRX1383043,UBERON:0000451,prefrontal cortex,MmulDv:0000034,14-year-old stage (macaque),male,NA,single
SRX1383044,UBERON:0000451,prefrontal cortex,MmulDv:0000034,14-year-old stage (macaque),male,NA,single
SRX1383045,UBERON:0000451,prefrontal cortex,MmulDv:0000034,14-year-old stage (macaque),male,NA,single
SRX1383046,UBERON:0000451,prefrontal cortex,MmulDv:0000034,14-year-old stage (macaque),male,NA,single
SRX1383047,UBERON:0000451,prefrontal cortex,MmulDv:0000034,14-year-old stage (macaque),male,NA,single
SRX1383048,UBERON:0000451,prefrontal cortex,MmulDv:0000034,14-year-old stage (macaque),male,NA,single
SRX1383049,UBERON:0000451,prefrontal cortex,MmulDv:0000034,14-year-old stage (macaque),male,NA,single
SRX1383050,UBERON:0000451,prefrontal cortex,MmulDv:0000034,14-year-old stage (macaque),male,NA,single
SRX1383051,UBERON:0000451,prefrontal cortex,MmulDv:0000028,8-year-old stage (macaque),male,NA,single
SRX1383052,UBERON:0000451,prefrontal cortex,MmulDv:0000028,8-year-old stage (macaque),male,NA,single
SRX1383053,UBERON:0000451,prefrontal cortex,MmulDv:0000028,8-year-old stage (macaque),male,NA,single
SRX1383054,UBERON:0000451,prefrontal cortex,MmulDv:0000028,8-year-old stage (macaque),male,NA,single
SRX1383055,UBERON:0000451,prefrontal cortex,MmulDv:0000028,8-year-old stage (macaque),male,NA,single
SRX1383056,UBERON:0000451,prefrontal cortex,MmulDv:0000028,8-year-old stage (macaque),male,NA,single
SRX1383057,UBERON:0000451,prefrontal cortex,MmulDv:0000028,8-year-old stage (macaque),male,NA,single
SRX1383058,UBERON:0000451,prefrontal cortex,MmulDv:0000028,8-year-old stage (macaque),male,NA,single
SRX1383059,UBERON:0000451,prefrontal cortex,MmulDv:0000028,8-year-old stage (macaque),male,NA,single
SRX1383060,UBERON:0000451,prefrontal cortex,MmulDv:0000028,8-year-old stage (macaque),male,NA,single
SRX1383061,UBERON:0000451,prefrontal cortex,MmulDv:0000028,8-year-old stage (macaque),male,NA,single
SRX1383062,UBERON:0000451,prefrontal cortex,MmulDv:0000028,8-year-old stage (macaque),male,NA,single
SRX1383063,UBERON:0000451,prefrontal cortex,MmulDv:0000028,8-year-old stage (macaque),male,NA,single
SRX1383064,UBERON:0000451,prefrontal cortex,MmulDv:0000028,8-year-old stage (macaque),male,NA,single
SRX1383065,UBERON:0000451,prefrontal cortex,MmulDv:0000028,8-year-old stage (macaque),male,NA,single
SRX1383066,UBERON:0000451,prefrontal cortex,MmulDv:0000028,8-year-old stage (macaque),male,NA,single
SRX1383067,UBERON:0000451,prefrontal cortex,MmulDv:0000028,8-year-old stage (macaque),male,NA,single
SRX1383068,UBERON:0000451,prefrontal cortex,MmulDv:0000029,9-year-old stage (macaque),male,NA,single
SRX1383069,UBERON:0000451,prefrontal cortex,MmulDv:0000029,9-year-old stage (macaque),male,NA,single
SRX1383070,UBERON:0000451,prefrontal cortex,MmulDv:0000029,9-year-old stage (macaque),male,NA,single
SRX1383071,UBERON:0000451,prefrontal cortex,MmulDv:0000029,9-year-old stage (macaque),male,NA,single
SRX1383072,UBERON:0000451,prefrontal cortex,MmulDv:0000029,9-year-old stage (macaque),male,NA,single
SRX1383073,UBERON:0000451,prefrontal cortex,MmulDv:0000029,9-year-old stage (macaque),male,NA,single
SRX1383074,UBERON:0000451,prefrontal cortex,MmulDv:0000029,9-year-old stage (macaque),male,NA,single
SRX1383075,UBERON:0000451,prefrontal cortex,MmulDv:0000029,9-year-old stage (macaque),male,NA,single
SRX1383076,UBERON:0000451,prefrontal cortex,MmulDv:0000029,9-year-old stage (macaque),male,NA,single
SRX1383077,UBERON:0000451,prefrontal cortex,MmulDv:0000029,9-year-old stage (macaque),male,NA,single
SRX1383078,UBERON:0000451,prefrontal cortex,MmulDv:0000029,9-year-old stage (macaque),male,NA,single
SRX1383079,UBERON:0000451,prefrontal cortex,MmulDv:0000029,9-year-old stage (macaque),male,NA,single
SRX1383080,UBERON:0000451,prefrontal cortex,MmulDv:0000029,9-year-old stage (macaque),male,NA,single
SRX1383081,UBERON:0000451,prefrontal cortex,MmulDv:0000029,9-year-old stage (macaque),male,NA,single
SRX1383082,UBERON:0000451,prefrontal cortex,MmulDv:0000029,9-year-old stage (macaque),male,NA,single
SRX1383083,UBERON:0000451,prefrontal cortex,MmulDv:0000029,9-year-old stage (macaque),male,NA,single
SRX1383084,UBERON:0000451,prefrontal cortex,MmulDv:0000029,9-year-old stage (macaque),male,NA,single
SRX1383085,UBERON:0000451,prefrontal cortex,MmulDv:0000029,9-year-old stage (macaque),male,NA,single
SRX1383116,UBERON:0000451,prefrontal cortex,MmulDv:0000030,10-year-old stage (macaque),male,NA,single
SRX1383117,UBERON:0000451,prefrontal cortex,MmulDv:0000030,10-year-old stage (macaque),male,NA,single
SRX1383118,UBERON:0000451,prefrontal cortex,MmulDv:0000030,10-year-old stage (macaque),male,NA,single
SRX1383119,UBERON:0000451,prefrontal cortex,MmulDv:0000030,10-year-old stage (macaque),male,NA,single
SRX1383120,UBERON:0000451,prefrontal cortex,MmulDv:0000030,10-year-old stage (macaque),male,NA,single
SRX1383121,UBERON:0000451,prefrontal cortex,MmulDv:0000030,10-year-old stage (macaque),male,NA,single
SRX1383122,UBERON:0000451,prefrontal cortex,MmulDv:0000030,10-year-old stage (macaque),male,NA,single
SRX1383123,UBERON:0000451,prefrontal cortex,MmulDv:0000030,10-year-old stage (macaque),male,NA,single
SRX1383124,UBERON:0000451,prefrontal cortex,MmulDv:0000030,10-year-old stage (macaque),male,NA,single
SRX1383125,UBERON:0000451,prefrontal cortex,MmulDv:0000030,10-year-old stage (macaque),male,NA,single
SRX1383126,UBERON:0000451,prefrontal cortex,MmulDv:0000030,10-year-old stage (macaque),male,NA,single
SRX1383127,UBERON:0000451,prefrontal cortex,MmulDv:0000030,10-year-old stage (macaque),male,NA,single
SRX1383128,UBERON:0000451,prefrontal cortex,MmulDv:0000030,10-year-old stage (macaque),male,NA,single
SRX1383129,UBERON:0000451,prefrontal cortex,MmulDv:0000030,10-year-old stage (macaque),male,NA,single
SRX1383130,UBERON:0000451,prefrontal cortex,MmulDv:0000030,10-year-old stage (macaque),male,NA,single
SRX1383131,UBERON:0000451,prefrontal cortex,MmulDv:0000030,10-year-old stage (macaque),male,NA,single
SRX1383132,UBERON:0000451,prefrontal cortex,MmulDv:0000030,10-year-old stage (macaque),male,NA,single
SRX1383133,UBERON:0000451,prefrontal cortex,MmulDv:0000030,10-year-old stage (macaque),male,NA,single
SRX1383134,UBERON:0000451,prefrontal cortex,MmulDv:0000030,10-year-old stage (macaque),male,NA,single
SRX1383135,UBERON:0000451,prefrontal cortex,MmulDv:0000030,10-year-old stage (macaque),male,NA,single
SRX1383136,UBERON:0000451,prefrontal cortex,MmulDv:0000029,9-year-old stage (macaque),male,NA,single
SRX1383137,UBERON:0000451,prefrontal cortex,MmulDv:0000029,9-year-old stage (macaque),male,NA,single
SRX1383138,UBERON:0000451,prefrontal cortex,MmulDv:0000029,9-year-old stage (macaque),male,NA,single
SRX1383139,UBERON:0000451,prefrontal cortex,MmulDv:0000029,9-year-old stage (macaque),male,NA,single
SRX1383140,UBERON:0000451,prefrontal cortex,MmulDv:0000029,9-year-old stage (macaque),male,NA,single
SRX1383141,UBERON:0000451,prefrontal cortex,MmulDv:0000029,9-year-old stage (macaque),male,NA,single
SRX1383142,UBERON:0000451,prefrontal cortex,MmulDv:0000029,9-year-old stage (macaque),male,NA,single
SRX1383143,UBERON:0000451,prefrontal cortex,MmulDv:0000029,9-year-old stage (macaque),male,NA,single
SRX1383144,UBERON:0000451,prefrontal cortex,MmulDv:0000029,9-year-old stage (macaque),male,NA,single
SRX1383145,UBERON:0000451,prefrontal cortex,MmulDv:0000029,9-year-old stage (macaque),male,NA,single
SRX1596333,UBERON:0000966,retina,UBERON:0000113,post-juvenile,NA,NA,paired
SRX1596334,UBERON:0000966,retina,UBERON:0000113,post-juvenile,NA,NA,paired
SRX1596335,UBERON:0000966,retina,UBERON:0000113,post-juvenile,NA,NA,paired
SRX1596336,UBERON:0000966,retina,UBERON:0000113,post-juvenile,NA,NA,paired
SRX1596337,UBERON:0000966,retina,UBERON:0000113,post-juvenile,NA,NA,paired
SRX1596338,UBERON:0000966,retina,UBERON:0000113,post-juvenile,NA,NA,paired
SRX1596339,UBERON:0000966,retina,UBERON:0000113,post-juvenile,NA,NA,paired
SRX1596340,UBERON:0000966,retina,UBERON:0000113,post-juvenile,NA,NA,paired
SRX1596341,UBERON:0000966,retina,UBERON:0000113,post-juvenile,NA,NA,paired
SRX1596342,UBERON:0000966,retina,UBERON:0000113,post-juvenile,NA,NA,paired
SRX1596343,UBERON:0000966,retina,UBERON:0000113,post-juvenile,NA,NA,paired
SRX1596344,UBERON:0000966,retina,UBERON:0000113,post-juvenile,NA,NA,paired
SRX1596345,UBERON:0000468,multicellular organism,UBERON:0000113,post-juvenile,NA,NA,paired
SRX1596346,UBERON:0000468,multicellular organism,UBERON:0000113,post-juvenile,NA,NA,paired
SRX1596347,UBERON:0001905,pineal body,UBERON:0000113,post-juvenile,NA,NA,paired
SRX1596348,UBERON:0001905,pineal body,UBERON:0000113,post-juvenile,NA,NA,paired
SRX1596349,UBERON:0001905,pineal body,UBERON:0000113,post-juvenile,NA,NA,paired
SRX1596350,UBERON:0001905,pineal body,UBERON:0000113,post-juvenile,NA,NA,paired
SRX1596351,UBERON:0001905,pineal body,UBERON:0000113,post-juvenile,NA,NA,paired
SRX1596352,UBERON:0001905,pineal body,UBERON:0000113,post-juvenile,NA,NA,paired
SRX1596353,UBERON:0001905,pineal body,UBERON:0000113,post-juvenile,NA,NA,paired
SRX1596354,UBERON:0001905,pineal body,UBERON:0000113,post-juvenile,NA,NA,paired
SRX1596355,UBERON:0001905,pineal body,UBERON:0000113,post-juvenile,NA,NA,paired
SRX1596356,UBERON:0001905,pineal body,UBERON:0000113,post-juvenile,NA,NA,paired
SRX1596357,UBERON:0001905,pineal body,UBERON:0000113,post-juvenile,NA,NA,paired
SRX1596358,UBERON:0001905,pineal body,UBERON:0000113,post-juvenile,NA,NA,paired
SRX182783,UBERON:0001870,frontal cortex,MmulDv:0000028,8-year-old stage (macaque),male,NA,single
SRX182811,UBERON:0001870,frontal cortex,MmulDv:0000028,8-year-old stage (macaque),female,NA,single
SRX196317,UBERON:0000955,brain,UBERON:0018241,prime adult stage,NA,NA,paired
SRX196318,UBERON:0001155,colon,UBERON:0018241,prime adult stage,NA,NA,paired
SRX196319,UBERON:0000948,heart,UBERON:0018241,prime adult stage,NA,NA,paired
SRX196320,UBERON:0000082,adult mammalian kidney,UBERON:0018241,prime adult stage,NA,NA,paired
SRX196321,UBERON:0002107,liver,UBERON:0018241,prime adult stage,NA,NA,paired
SRX196322,UBERON:0002048,lung,UBERON:0018241,prime adult stage,NA,NA,paired
SRX196323,UBERON:0001134,skeletal muscle tissue,UBERON:0018241,prime adult stage,NA,NA,paired
SRX196324,UBERON:0002106,spleen,UBERON:0018241,prime adult stage,NA,NA,paired
SRX196325,UBERON:0000473,testis,UBERON:0018241,prime adult stage,male,NA,paired
SRX196326,UBERON:0000955,brain,UBERON:0018241,prime adult stage,NA,NA,paired
SRX196327,UBERON:0001155,colon,UBERON:0018241,prime adult stage,NA,NA,paired
SRX196328,UBERON:0000948,heart,UBERON:0018241,prime adult stage,NA,NA,paired
SRX196329,UBERON:0000082,adult mammalian kidney,UBERON:0018241,prime adult stage,NA,NA,paired
SRX196330,UBERON:0002107,liver,UBERON:0018241,prime adult stage,NA,NA,paired
SRX196331,UBERON:0002048,lung,UBERON:0018241,prime adult stage,NA,NA,paired
SRX196332,UBERON:0001134,skeletal muscle tissue,UBERON:0018241,prime adult stage,NA,NA,paired
SRX196333,UBERON:0002106,spleen,UBERON:0018241,prime adult stage,NA,NA,paired
SRX196334,UBERON:0000473,testis,UBERON:0018241,prime adult stage,male,NA,paired
SRX196335,UBERON:0000955,brain,UBERON:0018241,prime adult stage,NA,NA,paired
SRX196336,UBERON:0001155,colon,UBERON:0018241,prime adult stage,NA,NA,paired
SRX196337,UBERON:0000948,heart,UBERON:0018241,prime adult stage,NA,NA,paired
SRX196338,UBERON:0000082,adult mammalian kidney,UBERON:0018241,prime adult stage,NA,NA,paired
SRX196339,UBERON:0002107,liver,UBERON:0018241,prime adult stage,NA,NA,paired
SRX196340,UBERON:0002048,lung,UBERON:0018241,prime adult stage,NA,NA,paired
SRX196341,UBERON:0001134,skeletal muscle tissue,UBERON:0018241,prime adult stage,NA,NA,paired
SRX196342,UBERON:0002106,spleen,UBERON:0018241,prime adult stage,NA,NA,paired
SRX196343,UBERON:0000473,testis,UBERON:0018241,prime adult stage,male,NA,paired
SRX209570,UBERON:0002037,cerebellum,UBERON:0000104,life cycle,male,NA,paired
SRX209571,UBERON:0002113,kidney,UBERON:0000104,life cycle,male,NA,paired
SRX209572,UBERON:0002048,lung,UBERON:0000104,life cycle,male,NA,paired
SRX217687,UBERON:0000955,brain,MmulDv:0000028,8-year-old stage (macaque),male,NA,single
SRX217688,UBERON:0000473,testis,MmulDv:0000028,8-year-old stage (macaque),male,NA,single
SRX2264023,UBERON:0002107,liver,MmulDv:0000024,4-year-old stage (macaque),female,NA,single
SRX2264024,UBERON:0002107,liver,MmulDv:0000024,4-year-old stage (macaque),female,NA,single
SRX2264025,UBERON:0002107,liver,MmulDv:0000024,4-year-old stage (macaque),female,NA,single
SRX2264026,UBERON:0002107,liver,MmulDv:0000024,4-year-old stage (macaque),female,NA,single
SRX2264027,UBERON:0002107,liver,MmulDv:0000024,4-year-old stage (macaque),male,NA,single
SRX2264028,UBERON:0002107,liver,MmulDv:0000024,4-year-old stage (macaque),male,NA,single
SRX251944,UBERON:0000451,prefrontal cortex,UBERON:0007221,neonate stage,NA,NA,paired
SRX251945,UBERON:0000451,prefrontal cortex,MmulDv:0000030,10-year-old stage (macaque),NA,NA,paired
SRX251946,UBERON:0002129,cerebellar cortex,UBERON:0007221,neonate stage,NA,NA,paired
SRX251947,UBERON:0002129,cerebellar cortex,MmulDv:0000030,10-year-old stage (macaque),NA,NA,paired
SRX270655,UBERON:0000468,multicellular organism,UBERON:0000104,life cycle,mixed,chinese,paired
SRX270656,UBERON:0000468,multicellular organism,UBERON:0000104,life cycle,mixed,chinese,paired
SRX270657,UBERON:0000468,multicellular organism,UBERON:0000104,life cycle,mixed,chinese,single
SRX270658,UBERON:0000468,multicellular organism,UBERON:0000104,life cycle,mixed,chinese,single
SRX270659,UBERON:0000468,multicellular organism,UBERON:0000104,life cycle,mixed,indian,paired
SRX270660,UBERON:0000468,multicellular organism,UBERON:0000104,life cycle,mixed,indian,paired
SRX270661,UBERON:0000468,multicellular organism,UBERON:0000104,life cycle,mixed,indian,single
SRX270662,UBERON:0000468,multicellular organism,UBERON:0000104,life cycle,mixed,indian,single
SRX270663,UBERON:0000468,multicellular organism,UBERON:0000104,life cycle,mixed,indian,single
SRX270668,UBERON:0000468,multicellular organism,UBERON:0000104,life cycle,mixed,chinese,single
SRX329430,UBERON:0004252,hindlimb stylopod muscle,UBERON:0000104,life cycle,male,NA,single
SRX329431,UBERON:0004252,hindlimb stylopod muscle,UBERON:0000104,life cycle,male,NA,single
SRX329432,UBERON:0004252,hindlimb stylopod muscle,UBERON:0000104,life cycle,male,NA,single
SRX329433,UBERON:0004252,hindlimb stylopod muscle,UBERON:0000104,life cycle,male,NA,single
SRX329434,UBERON:0004252,hindlimb stylopod muscle,UBERON:0000104,life cycle,male,NA,single
SRX329435,UBERON:0001225,cortex of kidney,UBERON:0000104,life cycle,male,NA,single
SRX329436,UBERON:0001225,cortex of kidney,UBERON:0000104,life cycle,male,NA,single
SRX329437,UBERON:0001225,cortex of kidney,UBERON:0000104,life cycle,male,NA,single
SRX329438,UBERON:0001225,cortex of kidney,UBERON:0000104,life cycle,male,NA,single
SRX329439,UBERON:0001225,cortex of kidney,UBERON:0000104,life cycle,male,NA,single
SRX329440,UBERON:0001225,cortex of kidney,UBERON:0000104,life cycle,male,NA,single
SRX329441,UBERON:0001225,cortex of kidney,UBERON:0000104,life cycle,male,NA,single
SRX329442,UBERON:0002661,superior frontal gyrus,UBERON:0000104,life cycle,male,NA,single
SRX329443,UBERON:0002661,superior frontal gyrus,UBERON:0000104,life cycle,male,NA,single
SRX329444,UBERON:0002661,superior frontal gyrus,UBERON:0000104,life cycle,male,NA,single
SRX329445,UBERON:0002661,superior frontal gyrus,UBERON:0000104,life cycle,male,NA,single
SRX329446,UBERON:0002661,superior frontal gyrus,UBERON:0000104,life cycle,male,NA,single
SRX329447,UBERON:0002661,superior frontal gyrus,UBERON:0000104,life cycle,male,NA,single
SRX329448,UBERON:0002436,primary visual cortex,UBERON:0000104,life cycle,male,NA,single
SRX329449,UBERON:0002436,primary visual cortex,UBERON:0000104,life cycle,male,NA,single
SRX329450,UBERON:0002436,primary visual cortex,UBERON:0000104,life cycle,male,NA,single
SRX329451,UBERON:0002436,primary visual cortex,UBERON:0000104,life cycle,male,NA,single
SRX329452,UBERON:0002436,primary visual cortex,UBERON:0000104,life cycle,male,NA,single
SRX329453,UBERON:0002436,primary visual cortex,UBERON:0000104,life cycle,male,NA,single
SRX329454,UBERON:0002129,cerebellar cortex,UBERON:0000104,life cycle,male,NA,single
SRX329455,UBERON:0002129,cerebellar cortex,UBERON:0000104,life cycle,male,NA,single
SRX329456,UBERON:0002129,cerebellar cortex,UBERON:0000104,life cycle,male,NA,single
SRX329457,UBERON:0002129,cerebellar cortex,UBERON:0000104,life cycle,male,NA,single
SRX329458,UBERON:0002129,cerebellar cortex,UBERON:0000104,life cycle,male,NA,single
SRX329459,UBERON:0002129,cerebellar cortex,UBERON:0000104,life cycle,male,NA,single
SRX3849759,UBERON:0000948,heart,MmulDv:0000027,7-year-old stage (macaque),male,Indian-origin,single
SRX3849760,UBERON:0000082,adult mammalian kidney,MmulDv:0000027,7-year-old stage (macaque),male,Indian-origin,single
SRX3849761,UBERON:0002107,liver,MmulDv:0000027,7-year-old stage (macaque),male,Indian-origin,single
SRX3849762,UBERON:0002048,lung,MmulDv:0000027,7-year-old stage (macaque),male,Indian-origin,single
SRX3849763,UBERON:0000948,heart,MmulDv:0000034,14-year-old stage (macaque),female,Indian-origin,single
SRX3849764,UBERON:0000082,adult mammalian kidney,MmulDv:0000034,14-year-old stage (macaque),female,Indian-origin,single
SRX3849765,UBERON:0002107,liver,MmulDv:0000034,14-year-old stage (macaque),female,Indian-origin,single
SRX3849766,UBERON:0002048,lung,MmulDv:0000034,14-year-old stage (macaque),female,Indian-origin,single
SRX3849767,UBERON:0000948,heart,MmulDv:0000026,6-year-old stage (macaque),male,Indian-origin,single
SRX3849768,UBERON:0000082,adult mammalian kidney,MmulDv:0000026,6-year-old stage (macaque),male,Indian-origin,single
SRX3849769,UBERON:0002107,liver,MmulDv:0000026,6-year-old stage (macaque),male,Indian-origin,single
SRX3849770,UBERON:0002048,lung,MmulDv:0000026,6-year-old stage (macaque),male,Indian-origin,single
SRX3849771,UBERON:0000948,heart,MmulDv:0000027,7-year-old stage (macaque),male,Indian-origin,single
SRX3849772,UBERON:0000082,adult mammalian kidney,MmulDv:0000027,7-year-old stage (macaque),male,Indian-origin,single
SRX3849773,UBERON:0002107,liver,MmulDv:0000027,7-year-old stage (macaque),male,Indian-origin,single
SRX3849774,UBERON:0002048,lung,MmulDv:0000027,7-year-old stage (macaque),male,Indian-origin,single
SRX4055812,UBERON:0000955,brain,MmulDv:0000041,21-year-old stage (macaque),male,NA,single
SRX4055813,UBERON:0000955,brain,MmulDv:0000029,9-year-old stage (macaque),male,NA,single
SRX4055814,UBERON:0000955,brain,MmulDv:0000042,22-year-old stage (macaque),male,NA,single
SRX4055815,UBERON:0000948,heart,MmulDv:0000041,21-year-old stage (macaque),male,NA,single
SRX4055816,UBERON:0000948,heart,MmulDv:0000029,9-year-old stage (macaque),male,NA,single
SRX4055817,UBERON:0000948,heart,MmulDv:0000042,22-year-old stage (macaque),male,NA,single
SRX4055818,UBERON:0000082,adult mammalian kidney,MmulDv:0000029,9-year-old stage (macaque),male,NA,single
SRX4055819,UBERON:0000082,adult mammalian kidney,MmulDv:0000042,22-year-old stage (macaque),male,NA,single
SRX4055820,UBERON:0000082,adult mammalian kidney,MmulDv:0000035,15-year-old stage (macaque),male,NA,single
SRX4055821,UBERON:0002107,liver,MmulDv:0000041,21-year-old stage (macaque),male,NA,single
SRX4055822,UBERON:0002107,liver,MmulDv:0000029,9-year-old stage (macaque),male,NA,single
SRX4055823,UBERON:0002107,liver,MmulDv:0000042,22-year-old stage (macaque),male,NA,single
SRX4055824,UBERON:0002107,liver,MmulDv:0000035,15-year-old stage (macaque),male,NA,single
SRX494639,UBERON:0000948,heart,UBERON:0000104,life cycle,male,NA,paired
SRX5543729,UBERON:0002264,olfactory bulb,MmulDv:0000030,10-year-old stage (macaque),male,NA,paired
SRX5543730,UBERON:0002702,middle frontal gyrus,MmulDv:0000030,10-year-old stage (macaque),male,NA,paired
SRX5543731,UBERON:0002998,inferior frontal gyrus,MmulDv:0000030,10-year-old stage (macaque),male,NA,paired
SRX5543732,UBERON:0002661,superior frontal gyrus,MmulDv:0000030,10-year-old stage (macaque),male,NA,paired
SRX5543733,UBERON:0002661,superior frontal gyrus,MmulDv:0000030,10-year-old stage (macaque),male,NA,paired
SRX5543734,UBERON:0034671,arcuate sulcus,MmulDv:0000030,10-year-old stage (macaque),male,NA,paired
SRX5543735,UBERON:0000451,prefrontal cortex,MmulDv:0000030,10-year-old stage (macaque),male,NA,paired
SRX5543736,UBERON:0002570,medial orbital gyrus,MmulDv:0000030,10-year-old stage (macaque),male,NA,paired
SRX5543737,UBERON:0002691,ventral tegmental area,MmulDv:0000024,4-year-old stage (macaque),male,NA,paired
SRX5543738,UBERON:0002038,substantia nigra,MmulDv:0000024,4-year-old stage (macaque),male,NA,paired
SRX5543739,UBERON:0001891,midbrain,MmulDv:0000024,4-year-old stage (macaque),male,NA,paired
SRX5543740,UBERON:0001876,amygdala,MmulDv:0000024,4-year-old stage (macaque),male,NA,paired
SRX5543741,UBERON:0001885,dentate gyrus of hippocampal formation,MmulDv:0000024,4-year-old stage (macaque),male,NA,paired
SRX5543742,UBERON:0003881,CA1 field of hippocampus,MmulDv:0000024,4-year-old stage (macaque),male,NA,paired
SRX5543743,UBERON:0003883,CA3 field of hippocampus,MmulDv:0000024,4-year-old stage (macaque),male,NA,paired
SRX5543744,UBERON:0001882,nucleus accumbens,MmulDv:0000024,4-year-old stage (macaque),male,NA,paired
SRX5543745,UBERON:0002751,inferior temporal gyrus,MmulDv:0000025,5-year-old stage (macaque),female,NA,paired
SRX5543746,UBERON:0002769,superior temporal gyrus,MmulDv:0000025,5-year-old stage (macaque),female,NA,paired
SRX5543747,UBERON:0016538,temporal cortex,MmulDv:0000025,5-year-old stage (macaque),female,NA,paired
SRX5543748,UBERON:0002421,hippocampal formation,MmulDv:0000025,5-year-old stage (macaque),female,NA,paired
SRX5543749,UBERON:0002766,fusiform gyrus,MmulDv:0000025,5-year-old stage (macaque),female,NA,paired
SRX5543750,UBERON:0002973,parahippocampal gyrus,MmulDv:0000025,5-year-old stage (macaque),female,NA,paired
SRX5543751,UBERON:0002943,lingual gyrus,MmulDv:0000025,5-year-old stage (macaque),female,NA,paired
SRX5543752,UBERON:0002740,posterior cingulate gyrus,MmulDv:0000025,5-year-old stage (macaque),female,NA,paired
SRX5543761,UBERON:0002766,fusiform gyrus,MmulDv:0000030,10-year-old stage (macaque),male,NA,paired
SRX5543762,UBERON:0002973,parahippocampal gyrus,MmulDv:0000030,10-year-old stage (macaque),male,NA,paired
SRX5543763,UBERON:0002943,lingual gyrus,MmulDv:0000030,10-year-old stage (macaque),male,NA,paired
SRX5543764,UBERON:0002740,posterior cingulate gyrus,MmulDv:0000030,10-year-old stage (macaque),male,NA,paired
SRX5543765,UBERON:0002756,anterior cingulate gyrus,MmulDv:0000030,10-year-old stage (macaque),male,NA,paired
SRX5543766,UBERON:0002336,corpus callosum,MmulDv:0000030,10-year-old stage (macaque),male,NA,paired
SRX5543767,UBERON:0004703,dorsal thalamus,MmulDv:0000030,10-year-old stage (macaque),male,NA,paired
SRX5543768,UBERON:0001898,hypothalamus,MmulDv:0000030,10-year-old stage (macaque),male,NA,paired
SRX5543769,UBERON:0002581,postcentral gyrus,MmulDv:0000030,10-year-old stage (macaque),female,NA,paired
SRX5543770,UBERON:0006094,superior parietal cortex,MmulDv:0000030,10-year-old stage (macaque),female,NA,paired
SRX5543771,UBERON:0006094,superior parietal cortex,MmulDv:0000030,10-year-old stage (macaque),female,NA,paired
SRX5543772,UBERON:0002913,intraparietal sulcus,MmulDv:0000030,10-year-old stage (macaque),female,NA,paired
SRX5543773,UBERON:0002661,superior frontal gyrus,MmulDv:0000030,10-year-old stage (macaque),female,NA,paired
SRX5543774,UBERON:0002686,angular gyrus,MmulDv:0000030,10-year-old stage (macaque),female,NA,paired
SRX5543775,UBERON:0026137,annectant gyrus,MmulDv:0000030,10-year-old stage (macaque),female,NA,paired
SRX5543776,UBERON:0006092,cuneus cortex,MmulDv:0000030,10-year-old stage (macaque),female,NA,paired
SRX5543785,UBERON:0001896,medulla oblongata,MmulDv:0000030,10-year-old stage (macaque),male,NA,paired
SRX5543786,UBERON:0000988,pons,MmulDv:0000030,10-year-old stage (macaque),male,NA,paired
SRX5543787,UBERON:0002129,cerebellar cortex,MmulDv:0000030,10-year-old stage (macaque),male,NA,paired
SRX5543788,UBERON:0004720,cerebellar vermis,MmulDv:0000030,10-year-old stage (macaque),male,NA,paired
SRX5543789,UBERON:0002691,ventral tegmental area,MmulDv:0000030,10-year-old stage (macaque),male,NA,paired
SRX5543790,UBERON:0002038,substantia nigra,MmulDv:0000030,10-year-old stage (macaque),male,NA,paired
SRX5543791,UBERON:0001891,midbrain,MmulDv:0000030,10-year-old stage (macaque),male,NA,paired
SRX5543792,UBERON:0001876,amygdala,MmulDv:0000030,10-year-old stage (macaque),male,NA,paired
SRX5543793,UBERON:0001873,caudate nucleus,MmulDv:0000024,4-year-old stage (macaque),male,NA,paired
SRX5543794,UBERON:0001874,putamen,MmulDv:0000024,4-year-old stage (macaque),male,NA,paired
SRX5543795,UBERON:0001875,globus pallidus,MmulDv:0000024,4-year-old stage (macaque),male,NA,paired
SRX5543796,UBERON:0000007,pituitary gland,MmulDv:0000024,4-year-old stage (macaque),male,NA,paired
SRX5543797,UBERON:0002264,olfactory bulb,MmulDv:0000023,3-year-old mature stage (macaque),male,NA,paired
SRX5543798,UBERON:0002702,middle frontal gyrus,MmulDv:0000023,3-year-old mature stage (macaque),male,NA,paired
SRX5543799,UBERON:0002998,inferior frontal gyrus,MmulDv:0000023,3-year-old mature stage (macaque),male,NA,paired
SRX5543800,UBERON:0002661,superior frontal gyrus,MmulDv:0000023,3-year-old mature stage (macaque),male,NA,paired
SRX5543801,UBERON:0002756,anterior cingulate gyrus,MmulDv:0000025,5-year-old stage (macaque),female,NA,paired
SRX5543802,UBERON:0002336,corpus callosum,MmulDv:0000025,5-year-old stage (macaque),female,NA,paired
SRX5543803,UBERON:0004703,dorsal thalamus,MmulDv:0000025,5-year-old stage (macaque),female,NA,paired
SRX5543804,UBERON:0001898,hypothalamus,MmulDv:0000025,5-year-old stage (macaque),female,NA,paired
SRX5543805,UBERON:0001896,medulla oblongata,MmulDv:0000025,5-year-old stage (macaque),female,NA,paired
SRX5543806,UBERON:0000988,pons,MmulDv:0000025,5-year-old stage (macaque),female,NA,paired
SRX5543807,UBERON:0002129,cerebellar cortex,MmulDv:0000025,5-year-old stage (macaque),female,NA,paired
SRX5543808,UBERON:0004720,cerebellar vermis,MmulDv:0000025,5-year-old stage (macaque),female,NA,paired
SRX5543809,UBERON:0001885,dentate gyrus of hippocampal formation,MmulDv:0000030,10-year-old stage (macaque),male,NA,paired
SRX5543810,UBERON:0003881,CA1 field of hippocampus,MmulDv:0000030,10-year-old stage (macaque),male,NA,paired
SRX5543811,UBERON:0003883,CA3 field of hippocampus,MmulDv:0000030,10-year-old stage (macaque),male,NA,paired
SRX5543812,UBERON:0001882,nucleus accumbens,MmulDv:0000030,10-year-old stage (macaque),male,NA,paired
SRX5543813,UBERON:0001873,caudate nucleus,MmulDv:0000030,10-year-old stage (macaque),male,NA,paired
SRX5543814,UBERON:0001874,putamen,MmulDv:0000030,10-year-old stage (macaque),male,NA,paired
SRX5543815,UBERON:0001875,globus pallidus,MmulDv:0000030,10-year-old stage (macaque),male,NA,paired
SRX5543816,UBERON:0000007,pituitary gland,MmulDv:0000030,10-year-old stage (macaque),male,NA,paired
SRX5543817,UBERON:0002948,superior occipital gyrus,MmulDv:0000030,10-year-old stage (macaque),female,NA,paired
SRX5543818,UBERON:0002948,superior occipital gyrus,MmulDv:0000030,10-year-old stage (macaque),female,NA,paired
SRX5543819,UBERON:0014608,inferior occipital gyrus,MmulDv:0000030,10-year-old stage (macaque),female,NA,paired
SRX5543820,UBERON:0002021,occipital lobe,MmulDv:0000030,10-year-old stage (macaque),female,NA,paired
SRX5543821,UBERON:0002751,inferior temporal gyrus,MmulDv:0000030,10-year-old stage (macaque),female,NA,paired
SRX5543822,UBERON:0002769,superior temporal gyrus,MmulDv:0000030,10-year-old stage (macaque),female,NA,paired
SRX5543823,UBERON:0016538,temporal cortex,MmulDv:0000030,10-year-old stage (macaque),female,NA,paired
SRX5543824,UBERON:0002421,hippocampal formation,MmulDv:0000030,10-year-old stage (macaque),female,NA,paired
SRX5543825,UBERON:0002661,superior frontal gyrus,MmulDv:0000023,3-year-old mature stage (macaque),male,NA,paired
SRX5543826,UBERON:0034671,arcuate sulcus,MmulDv:0000023,3-year-old mature stage (macaque),male,NA,paired
SRX5543827,UBERON:0000451,prefrontal cortex,MmulDv:0000023,3-year-old mature stage (macaque),male,NA,paired
SRX5543828,UBERON:0002570,medial orbital gyrus,MmulDv:0000023,3-year-old mature stage (macaque),male,NA,paired
SRX5543829,UBERON:0002022,insula,MmulDv:0000023,3-year-old mature stage (macaque),male,NA,paired
SRX5543830,UBERON:0002703,precentral gyrus,MmulDv:0000023,3-year-old mature stage (macaque),male,NA,paired
SRX5543831,UBERON:0002703,precentral gyrus,MmulDv:0000023,3-year-old mature stage (macaque),male,NA,paired
SRX5543832,UBERON:0002581,postcentral gyrus,MmulDv:0000023,3-year-old mature stage (macaque),male,NA,paired
SRX5543833,UBERON:0002022,insula,MmulDv:0000030,10-year-old stage (macaque),male,NA,paired
SRX5543834,UBERON:0002703,precentral gyrus,MmulDv:0000030,10-year-old stage (macaque),male,NA,paired
SRX5543835,UBERON:0002703,precentral gyrus,MmulDv:0000030,10-year-old stage (macaque),male,NA,paired
SRX5543836,UBERON:0002581,postcentral gyrus,MmulDv:0000030,10-year-old stage (macaque),male,NA,paired
SRX5543837,UBERON:0002581,postcentral gyrus,MmulDv:0000030,10-year-old stage (macaque),male,NA,paired
SRX5543838,UBERON:0006094,superior parietal cortex,MmulDv:0000030,10-year-old stage (macaque),male,NA,paired
SRX5543839,UBERON:0006094,superior parietal cortex,MmulDv:0000030,10-year-old stage (macaque),male,NA,paired
SRX5543840,UBERON:0002913,intraparietal sulcus,MmulDv:0000030,10-year-old stage (macaque),male,NA,paired
SRX5543849,UBERON:0002691,ventral tegmental area,MmulDv:0000025,5-year-old stage (macaque),female,NA,paired
SRX5543850,UBERON:0002038,substantia nigra,MmulDv:0000025,5-year-old stage (macaque),female,NA,paired
SRX5543851,UBERON:0001891,midbrain,MmulDv:0000025,5-year-old stage (macaque),female,NA,paired
SRX5543852,UBERON:0001876,amygdala,MmulDv:0000025,5-year-old stage (macaque),female,NA,paired
SRX5543853,UBERON:0001885,dentate gyrus of hippocampal formation,MmulDv:0000025,5-year-old stage (macaque),female,NA,paired
SRX5543854,UBERON:0003881,CA1 field of hippocampus,MmulDv:0000025,5-year-old stage (macaque),female,NA,paired
SRX5543855,UBERON:0003883,CA3 field of hippocampus,MmulDv:0000025,5-year-old stage (macaque),female,NA,paired
SRX5543856,UBERON:0001882,nucleus accumbens,MmulDv:0000025,5-year-old stage (macaque),female,NA,paired
SRX5543857,UBERON:0002766,fusiform gyrus,MmulDv:0000030,10-year-old stage (macaque),female,NA,paired
SRX5543858,UBERON:0002973,parahippocampal gyrus,MmulDv:0000030,10-year-old stage (macaque),female,NA,paired
SRX5543859,UBERON:0002943,lingual gyrus,MmulDv:0000030,10-year-old stage (macaque),female,NA,paired
SRX5543860,UBERON:0002740,posterior cingulate gyrus,MmulDv:0000030,10-year-old stage (macaque),female,NA,paired
SRX5543861,UBERON:0002756,anterior cingulate gyrus,MmulDv:0000030,10-year-old stage (macaque),female,NA,paired
SRX5543862,UBERON:0002336,corpus callosum,MmulDv:0000030,10-year-old stage (macaque),female,NA,paired
SRX5543863,UBERON:0004703,dorsal thalamus,MmulDv:0000030,10-year-old stage (macaque),female,NA,paired
SRX5543864,UBERON:0001898,hypothalamus,MmulDv:0000030,10-year-old stage (macaque),female,NA,paired
SRX5543867,UBERON:0002661,superior frontal gyrus,MmulDv:0000030,10-year-old stage (macaque),male,NA,paired
SRX5543868,UBERON:0002686,angular gyrus,MmulDv:0000030,10-year-old stage (macaque),male,NA,paired
SRX5543869,UBERON:0026137,annectant gyrus,MmulDv:0000030,10-year-old stage (macaque),male,NA,paired
SRX5543870,UBERON:0006092,cuneus cortex,MmulDv:0000030,10-year-old stage (macaque),male,NA,paired
SRX5543871,UBERON:0002948,superior occipital gyrus,MmulDv:0000030,10-year-old stage (macaque),male,NA,paired
SRX5543872,UBERON:0002948,superior occipital gyrus,MmulDv:0000030,10-year-old stage (macaque),male,NA,paired
SRX5543873,UBERON:0014608,inferior occipital gyrus,MmulDv:0000030,10-year-old stage (macaque),male,NA,paired
SRX5543874,UBERON:0002021,occipital lobe,MmulDv:0000030,10-year-old stage (macaque),male,NA,paired
SRX5543875,UBERON:0002264,olfactory bulb,MmulDv:0000023,3-year-old mature stage (macaque),female,NA,paired
SRX5543876,UBERON:0002702,middle frontal gyrus,MmulDv:0000023,3-year-old mature stage (macaque),female,NA,paired
SRX5543877,UBERON:0002998,inferior frontal gyrus,MmulDv:0000023,3-year-old mature stage (macaque),female,NA,paired
SRX5543878,UBERON:0002661,superior frontal gyrus,MmulDv:0000023,3-year-old mature stage (macaque),female,NA,paired
SRX5543879,UBERON:0002661,superior frontal gyrus,MmulDv:0000023,3-year-old mature stage (macaque),female,NA,paired
SRX5543880,UBERON:0034671,arcuate sulcus,MmulDv:0000023,3-year-old mature stage (macaque),female,NA,paired
SRX5543881,UBERON:0000451,prefrontal cortex,MmulDv:0000023,3-year-old mature stage (macaque),female,NA,paired
SRX5543882,UBERON:0002570,medial orbital gyrus,MmulDv:0000023,3-year-old mature stage (macaque),female,NA,paired
SRX5543883,UBERON:0002581,postcentral gyrus,MmulDv:0000023,3-year-old mature stage (macaque),male,NA,paired
SRX5543884,UBERON:0006094,superior parietal cortex,MmulDv:0000023,3-year-old mature stage (macaque),male,NA,paired
SRX5543885,UBERON:0006094,superior parietal cortex,MmulDv:0000023,3-year-old mature stage (macaque),male,NA,paired
SRX5543886,UBERON:0002913,intraparietal sulcus,MmulDv:0000023,3-year-old mature stage (macaque),male,NA,paired
SRX5543887,UBERON:0002661,superior frontal gyrus,MmulDv:0000023,3-year-old mature stage (macaque),male,NA,paired
SRX5543888,UBERON:0002686,angular gyrus,MmulDv:0000023,3-year-old mature stage (macaque),male,NA,paired
SRX5543889,UBERON:0026137,annectant gyrus,MmulDv:0000023,3-year-old mature stage (macaque),male,NA,paired
SRX5543890,UBERON:0006092,cuneus cortex,MmulDv:0000023,3-year-old mature stage (macaque),male,NA,paired
SRX5543891,UBERON:0001873,caudate nucleus,MmulDv:0000025,5-year-old stage (macaque),female,NA,paired
SRX5543892,UBERON:0001874,putamen,MmulDv:0000025,5-year-old stage (macaque),female,NA,paired
SRX5543893,UBERON:0001875,globus pallidus,MmulDv:0000025,5-year-old stage (macaque),female,NA,paired
SRX5543894,UBERON:0000007,pituitary gland,MmulDv:0000025,5-year-old stage (macaque),female,NA,paired
SRX5543895,UBERON:0002264,olfactory bulb,MmulDv:0000029,9-year-old stage (macaque),female,NA,paired
SRX5543896,UBERON:0002702,middle frontal gyrus,MmulDv:0000029,9-year-old stage (macaque),female,NA,paired
SRX5543897,UBERON:0002998,inferior frontal gyrus,MmulDv:0000029,9-year-old stage (macaque),female,NA,paired
SRX5543898,UBERON:0002661,superior frontal gyrus,MmulDv:0000029,9-year-old stage (macaque),female,NA,paired
SRX5543899,UBERON:0002022,insula,MmulDv:0000023,3-year-old mature stage (macaque),female,NA,paired
SRX5543900,UBERON:0002703,precentral gyrus,MmulDv:0000023,3-year-old mature stage (macaque),female,NA,paired
SRX5543901,UBERON:0002703,precentral gyrus,MmulDv:0000023,3-year-old mature stage (macaque),female,NA,paired
SRX5543902,UBERON:0002581,postcentral gyrus,MmulDv:0000023,3-year-old mature stage (macaque),female,NA,paired
SRX5543903,UBERON:0002581,postcentral gyrus,MmulDv:0000023,3-year-old mature stage (macaque),female,NA,paired
SRX5543904,UBERON:0006094,superior parietal cortex,MmulDv:0000023,3-year-old mature stage (macaque),female,NA,paired
SRX5543905,UBERON:0006094,superior parietal cortex,MmulDv:0000023,3-year-old mature stage (macaque),female,NA,paired
SRX5543906,UBERON:0002913,intraparietal sulcus,MmulDv:0000023,3-year-old mature stage (macaque),female,NA,paired
SRX5543907,UBERON:0001896,medulla oblongata,MmulDv:0000030,10-year-old stage (macaque),female,NA,paired
SRX5543908,UBERON:0000988,pons,MmulDv:0000030,10-year-old stage (macaque),female,NA,paired
SRX5543909,UBERON:0002129,cerebellar cortex,MmulDv:0000030,10-year-old stage (macaque),female,NA,paired
SRX5543910,UBERON:0004720,cerebellar vermis,MmulDv:0000030,10-year-old stage (macaque),female,NA,paired
SRX5543911,UBERON:0002691,ventral tegmental area,MmulDv:0000030,10-year-old stage (macaque),female,NA,paired
SRX5543912,UBERON:0002038,substantia nigra,MmulDv:0000030,10-year-old stage (macaque),female,NA,paired
SRX5543913,UBERON:0001891,midbrain,MmulDv:0000030,10-year-old stage (macaque),female,NA,paired
SRX5543914,UBERON:0001876,amygdala,MmulDv:0000030,10-year-old stage (macaque),female,NA,paired
SRX5543915,UBERON:0002751,inferior temporal gyrus,MmulDv:0000030,10-year-old stage (macaque),male,NA,paired
SRX5543916,UBERON:0002769,superior temporal gyrus,MmulDv:0000030,10-year-old stage (macaque),male,NA,paired
SRX5543917,UBERON:0016538,temporal cortex,MmulDv:0000030,10-year-old stage (macaque),male,NA,paired
SRX5543918,UBERON:0002421,hippocampal formation,MmulDv:0000030,10-year-old stage (macaque),male,NA,paired
SRX5543919,UBERON:0002766,fusiform gyrus,MmulDv:0000030,10-year-old stage (macaque),male,NA,paired
SRX5543920,UBERON:0002973,parahippocampal gyrus,MmulDv:0000030,10-year-old stage (macaque),male,NA,paired
SRX5543921,UBERON:0002943,lingual gyrus,MmulDv:0000030,10-year-old stage (macaque),male,NA,paired
SRX5543922,UBERON:0002740,posterior cingulate gyrus,MmulDv:0000030,10-year-old stage (macaque),male,NA,paired
SRX5543923,UBERON:0001885,dentate gyrus of hippocampal formation,MmulDv:0000030,10-year-old stage (macaque),female,NA,paired
SRX5543924,UBERON:0003881,CA1 field of hippocampus,MmulDv:0000030,10-year-old stage (macaque),female,NA,paired
SRX5543925,UBERON:0003883,CA3 field of hippocampus,MmulDv:0000030,10-year-old stage (macaque),female,NA,paired
SRX5543926,UBERON:0001882,nucleus accumbens,MmulDv:0000030,10-year-old stage (macaque),female,NA,paired
SRX5543927,UBERON:0001873,caudate nucleus,MmulDv:0000030,10-year-old stage (macaque),female,NA,paired
SRX5543928,UBERON:0001874,putamen,MmulDv:0000030,10-year-old stage (macaque),female,NA,paired
SRX5543929,UBERON:0001875,globus pallidus,MmulDv:0000030,10-year-old stage (macaque),female,NA,paired
SRX5543930,UBERON:0000007,pituitary gland,MmulDv:0000030,10-year-old stage (macaque),female,NA,paired
SRX5543931,UBERON:0002948,superior occipital gyrus,MmulDv:0000023,3-year-old mature stage (macaque),male,NA,paired
SRX5543932,UBERON:0002948,superior occipital gyrus,MmulDv:0000023,3-year-old mature stage (macaque),male,NA,paired
SRX5543933,UBERON:0014608,inferior occipital gyrus,MmulDv:0000023,3-year-old mature stage (macaque),male,NA,paired
SRX5543934,UBERON:0002021,occipital lobe,MmulDv:0000023,3-year-old mature stage (macaque),male,NA,paired
SRX5543935,UBERON:0002751,inferior temporal gyrus,MmulDv:0000023,3-year-old mature stage (macaque),male,NA,paired
SRX5543936,UBERON:0002769,superior temporal gyrus,MmulDv:0000023,3-year-old mature stage (macaque),male,NA,paired
SRX5543937,UBERON:0016538,temporal cortex,MmulDv:0000023,3-year-old mature stage (macaque),male,NA,paired
SRX5543938,UBERON:0002421,hippocampal formation,MmulDv:0000023,3-year-old mature stage (macaque),male,NA,paired
SRX5543939,UBERON:0002661,superior frontal gyrus,MmulDv:0000029,9-year-old stage (macaque),female,NA,paired
SRX5543940,UBERON:0034671,arcuate sulcus,MmulDv:0000029,9-year-old stage (macaque),female,NA,paired
SRX5543941,UBERON:0000451,prefrontal cortex,MmulDv:0000029,9-year-old stage (macaque),female,NA,paired
SRX5543942,UBERON:0002570,medial orbital gyrus,MmulDv:0000029,9-year-old stage (macaque),female,NA,paired
SRX5543943,UBERON:0002022,insula,MmulDv:0000029,9-year-old stage (macaque),female,NA,paired
SRX5543944,UBERON:0002703,precentral gyrus,MmulDv:0000029,9-year-old stage (macaque),female,NA,paired
SRX5543945,UBERON:0002703,precentral gyrus,MmulDv:0000029,9-year-old stage (macaque),female,NA,paired
SRX5543946,UBERON:0002581,postcentral gyrus,MmulDv:0000029,9-year-old stage (macaque),female,NA,paired
SRX5543947,UBERON:0002756,anterior cingulate gyrus,MmulDv:0000030,10-year-old stage (macaque),male,NA,paired
SRX5543948,UBERON:0002336,corpus callosum,MmulDv:0000030,10-year-old stage (macaque),male,NA,paired
SRX5543949,UBERON:0004703,dorsal thalamus,MmulDv:0000030,10-year-old stage (macaque),male,NA,paired
SRX5543950,UBERON:0001898,hypothalamus,MmulDv:0000030,10-year-old stage (macaque),male,NA,paired
SRX5543951,UBERON:0001896,medulla oblongata,MmulDv:0000030,10-year-old stage (macaque),male,NA,paired
SRX5543952,UBERON:0000988,pons,MmulDv:0000030,10-year-old stage (macaque),male,NA,paired
SRX5543953,UBERON:0002129,cerebellar cortex,MmulDv:0000030,10-year-old stage (macaque),male,NA,paired
SRX5543954,UBERON:0004720,cerebellar vermis,MmulDv:0000030,10-year-old stage (macaque),male,NA,paired
SRX5543955,UBERON:0002661,superior frontal gyrus,MmulDv:0000023,3-year-old mature stage (macaque),female,NA,paired
SRX5543956,UBERON:0002686,angular gyrus,MmulDv:0000023,3-year-old mature stage (macaque),female,NA,paired
SRX5543957,UBERON:0026137,annectant gyrus,MmulDv:0000023,3-year-old mature stage (macaque),female,NA,paired
SRX5543958,UBERON:0006092,cuneus cortex,MmulDv:0000023,3-year-old mature stage (macaque),female,NA,paired
SRX5543959,UBERON:0002948,superior occipital gyrus,MmulDv:0000023,3-year-old mature stage (macaque),female,NA,paired
SRX5543960,UBERON:0002948,superior occipital gyrus,MmulDv:0000023,3-year-old mature stage (macaque),female,NA,paired
SRX5543961,UBERON:0000468,multicellular organism,UBERON:0000104,life cycle,NA,NA,paired
SRX5543962,UBERON:0000468,multicellular organism,UBERON:0000104,life cycle,NA,NA,paired
SRX5543963,UBERON:0002766,fusiform gyrus,MmulDv:0000023,3-year-old mature stage (macaque),male,NA,paired
SRX5543964,UBERON:0002973,parahippocampal gyrus,MmulDv:0000023,3-year-old mature stage (macaque),male,NA,paired
SRX5543965,UBERON:0002943,lingual gyrus,MmulDv:0000023,3-year-old mature stage (macaque),male,NA,paired
SRX5543966,UBERON:0002740,posterior cingulate gyrus,MmulDv:0000023,3-year-old mature stage (macaque),male,NA,paired
SRX5543967,UBERON:0002756,anterior cingulate gyrus,MmulDv:0000023,3-year-old mature stage (macaque),male,NA,paired
SRX5543968,UBERON:0002336,corpus callosum,MmulDv:0000023,3-year-old mature stage (macaque),male,NA,paired
SRX5543969,UBERON:0004703,dorsal thalamus,MmulDv:0000023,3-year-old mature stage (macaque),male,NA,paired
SRX5543970,UBERON:0001898,hypothalamus,MmulDv:0000023,3-year-old mature stage (macaque),male,NA,paired
SRX5543971,UBERON:0002264,olfactory bulb,MmulDv:0000024,4-year-old stage (macaque),male,NA,paired
SRX5543972,UBERON:0002702,middle frontal gyrus,MmulDv:0000024,4-year-old stage (macaque),male,NA,paired
SRX5543973,UBERON:0002998,inferior frontal gyrus,MmulDv:0000024,4-year-old stage (macaque),male,NA,paired
SRX5543974,UBERON:0002661,superior frontal gyrus,MmulDv:0000024,4-year-old stage (macaque),male,NA,paired
SRX5543975,UBERON:0002661,superior frontal gyrus,MmulDv:0000024,4-year-old stage (macaque),male,NA,paired
SRX5543976,UBERON:0034671,arcuate sulcus,MmulDv:0000024,4-year-old stage (macaque),male,NA,paired
SRX5543977,UBERON:0000451,prefrontal cortex,MmulDv:0000024,4-year-old stage (macaque),male,NA,paired
SRX5543978,UBERON:0002570,medial orbital gyrus,MmulDv:0000024,4-year-old stage (macaque),male,NA,paired
SRX5543979,UBERON:0002581,postcentral gyrus,MmulDv:0000029,9-year-old stage (macaque),female,NA,paired
SRX5543980,UBERON:0006094,superior parietal cortex,MmulDv:0000029,9-year-old stage (macaque),female,NA,paired
SRX5543981,UBERON:0006094,superior parietal cortex,MmulDv:0000029,9-year-old stage (macaque),female,NA,paired
SRX5543982,UBERON:0002913,intraparietal sulcus,MmulDv:0000029,9-year-old stage (macaque),female,NA,paired
SRX5543983,UBERON:0002661,superior frontal gyrus,MmulDv:0000029,9-year-old stage (macaque),female,NA,paired
SRX5543984,UBERON:0002686,angular gyrus,MmulDv:0000029,9-year-old stage (macaque),female,NA,paired
SRX5543985,UBERON:0026137,annectant gyrus,MmulDv:0000029,9-year-old stage (macaque),female,NA,paired
SRX5543986,UBERON:0006092,cuneus cortex,MmulDv:0000029,9-year-old stage (macaque),female,NA,paired
SRX5543987,UBERON:0002691,ventral tegmental area,MmulDv:0000030,10-year-old stage (macaque),male,NA,paired
SRX5543988,UBERON:0002038,substantia nigra,MmulDv:0000030,10-year-old stage (macaque),male,NA,paired
SRX5543989,UBERON:0001891,midbrain,MmulDv:0000030,10-year-old stage (macaque),male,NA,paired
SRX5543990,UBERON:0001876,amygdala,MmulDv:0000030,10-year-old stage (macaque),male,NA,paired
SRX5543991,UBERON:0001885,dentate gyrus of hippocampal formation,MmulDv:0000030,10-year-old stage (macaque),male,NA,paired
SRX5543992,UBERON:0003881,CA1 field of hippocampus,MmulDv:0000030,10-year-old stage (macaque),male,NA,paired
SRX5543993,UBERON:0003883,CA3 field of hippocampus,MmulDv:0000030,10-year-old stage (macaque),male,NA,paired
SRX5543994,UBERON:0001882,nucleus accumbens,MmulDv:0000030,10-year-old stage (macaque),male,NA,paired
SRX5543995,UBERON:0000468,multicellular organism,UBERON:0000104,life cycle,NA,NA,paired
SRX5543996,UBERON:0000468,multicellular organism,UBERON:0000104,life cycle,NA,NA,paired
SRX5543997,UBERON:0000468,multicellular organism,UBERON:0000104,life cycle,NA,NA,paired
SRX5543998,UBERON:0000468,multicellular organism,UBERON:0000104,life cycle,NA,NA,paired
SRX5543999,UBERON:0000468,multicellular organism,UBERON:0000104,life cycle,NA,NA,paired
SRX5544000,UBERON:0000468,multicellular organism,UBERON:0000104,life cycle,NA,NA,paired
SRX5544001,UBERON:0002943,lingual gyrus,MmulDv:0000023,3-year-old mature stage (macaque),female,NA,paired
SRX5544002,UBERON:0002740,posterior cingulate gyrus,MmulDv:0000023,3-year-old mature stage (macaque),female,NA,paired
SRX5544003,UBERON:0001896,medulla oblongata,MmulDv:0000023,3-year-old mature stage (macaque),male,NA,paired
SRX5544004,UBERON:0000988,pons,MmulDv:0000023,3-year-old mature stage (macaque),male,NA,paired
SRX5544005,UBERON:0002129,cerebellar cortex,MmulDv:0000023,3-year-old mature stage (macaque),male,NA,paired
SRX5544006,UBERON:0004720,cerebellar vermis,MmulDv:0000023,3-year-old mature stage (macaque),male,NA,paired
SRX5544007,UBERON:0002691,ventral tegmental area,MmulDv:0000023,3-year-old mature stage (macaque),male,NA,paired
SRX5544008,UBERON:0002038,substantia nigra,MmulDv:0000023,3-year-old mature stage (macaque),male,NA,paired
SRX5544009,UBERON:0001891,midbrain,MmulDv:0000023,3-year-old mature stage (macaque),male,NA,paired
SRX5544010,UBERON:0001876,amygdala,MmulDv:0000023,3-year-old mature stage (macaque),male,NA,paired
SRX5544011,UBERON:0002948,superior occipital gyrus,MmulDv:0000029,9-year-old stage (macaque),female,NA,paired
SRX5544012,UBERON:0002948,superior occipital gyrus,MmulDv:0000029,9-year-old stage (macaque),female,NA,paired
SRX5544013,UBERON:0014608,inferior occipital gyrus,MmulDv:0000029,9-year-old stage (macaque),female,NA,paired
SRX5544014,UBERON:0002021,occipital lobe,MmulDv:0000029,9-year-old stage (macaque),female,NA,paired
SRX5544015,UBERON:0002751,inferior temporal gyrus,MmulDv:0000029,9-year-old stage (macaque),female,NA,paired
SRX5544016,UBERON:0002769,superior temporal gyrus,MmulDv:0000029,9-year-old stage (macaque),female,NA,paired
SRX5544017,UBERON:0016538,temporal cortex,MmulDv:0000029,9-year-old stage (macaque),female,NA,paired
SRX5544018,UBERON:0002421,hippocampal formation,MmulDv:0000029,9-year-old stage (macaque),female,NA,paired
SRX5544019,UBERON:0001873,caudate nucleus,MmulDv:0000030,10-year-old stage (macaque),male,NA,paired
SRX5544020,UBERON:0001874,putamen,MmulDv:0000030,10-year-old stage (macaque),male,NA,paired
SRX5544021,UBERON:0001875,globus pallidus,MmulDv:0000030,10-year-old stage (macaque),male,NA,paired
SRX5544022,UBERON:0000007,pituitary gland,MmulDv:0000030,10-year-old stage (macaque),male,NA,paired
SRX5544023,UBERON:0002264,olfactory bulb,MmulDv:0000030,10-year-old stage (macaque),male,NA,paired
SRX5544024,UBERON:0002702,middle frontal gyrus,MmulDv:0000030,10-year-old stage (macaque),male,NA,paired
SRX5544025,UBERON:0002998,inferior frontal gyrus,MmulDv:0000030,10-year-old stage (macaque),male,NA,paired
SRX5544026,UBERON:0002661,superior frontal gyrus,MmulDv:0000030,10-year-old stage (macaque),male,NA,paired
SRX5544027,UBERON:0002022,insula,MmulDv:0000024,4-year-old stage (macaque),male,NA,paired
SRX5544028,UBERON:0002703,precentral gyrus,MmulDv:0000024,4-year-old stage (macaque),male,NA,paired
SRX5544029,UBERON:0002703,precentral gyrus,MmulDv:0000024,4-year-old stage (macaque),male,NA,paired
SRX5544030,UBERON:0002581,postcentral gyrus,MmulDv:0000024,4-year-old stage (macaque),male,NA,paired
SRX5544031,UBERON:0002581,postcentral gyrus,MmulDv:0000024,4-year-old stage (macaque),male,NA,paired
SRX5544032,UBERON:0006094,superior parietal cortex,MmulDv:0000024,4-year-old stage (macaque),male,NA,paired
SRX5544033,UBERON:0006094,superior parietal cortex,MmulDv:0000024,4-year-old stage (macaque),male,NA,paired
SRX5544034,UBERON:0002913,intraparietal sulcus,MmulDv:0000024,4-year-old stage (macaque),male,NA,paired
SRX5544035,UBERON:0001885,dentate gyrus of hippocampal formation,MmulDv:0000023,3-year-old mature stage (macaque),male,NA,paired
SRX5544036,UBERON:0003881,CA1 field of hippocampus,MmulDv:0000023,3-year-old mature stage (macaque),male,NA,paired
SRX5544037,UBERON:0003883,CA3 field of hippocampus,MmulDv:0000023,3-year-old mature stage (macaque),male,NA,paired
SRX5544038,UBERON:0001882,nucleus accumbens,MmulDv:0000023,3-year-old mature stage (macaque),male,NA,paired
SRX5544039,UBERON:0001873,caudate nucleus,MmulDv:0000023,3-year-old mature stage (macaque),male,NA,paired
SRX5544040,UBERON:0001874,putamen,MmulDv:0000023,3-year-old mature stage (macaque),male,NA,paired
SRX5544041,UBERON:0001875,globus pallidus,MmulDv:0000023,3-year-old mature stage (macaque),male,NA,paired
SRX5544042,UBERON:0000007,pituitary gland,MmulDv:0000023,3-year-old mature stage (macaque),male,NA,paired
SRX5544043,UBERON:0002756,anterior cingulate gyrus,MmulDv:0000023,3-year-old mature stage (macaque),female,NA,paired
SRX5544044,UBERON:0002336,corpus callosum,MmulDv:0000023,3-year-old mature stage (macaque),female,NA,paired
SRX5544045,UBERON:0004703,dorsal thalamus,MmulDv:0000023,3-year-old mature stage (macaque),female,NA,paired
SRX5544046,UBERON:0001898,hypothalamus,MmulDv:0000023,3-year-old mature stage (macaque),female,NA,paired
SRX5544047,UBERON:0001896,medulla oblongata,MmulDv:0000023,3-year-old mature stage (macaque),female,NA,paired
SRX5544048,UBERON:0000988,pons,MmulDv:0000023,3-year-old mature stage (macaque),female,NA,paired
SRX5544049,UBERON:0002129,cerebellar cortex,MmulDv:0000023,3-year-old mature stage (macaque),female,NA,paired
SRX5544050,UBERON:0004720,cerebellar vermis,MmulDv:0000023,3-year-old mature stage (macaque),female,NA,paired
SRX5544051,UBERON:0002766,fusiform gyrus,MmulDv:0000029,9-year-old stage (macaque),female,NA,paired
SRX5544052,UBERON:0002973,parahippocampal gyrus,MmulDv:0000029,9-year-old stage (macaque),female,NA,paired
SRX5544053,UBERON:0002943,lingual gyrus,MmulDv:0000029,9-year-old stage (macaque),female,NA,paired
SRX5544054,UBERON:0002740,posterior cingulate gyrus,MmulDv:0000029,9-year-old stage (macaque),female,NA,paired
SRX5544055,UBERON:0002756,anterior cingulate gyrus,MmulDv:0000029,9-year-old stage (macaque),female,NA,paired
SRX5544056,UBERON:0002336,corpus callosum,MmulDv:0000029,9-year-old stage (macaque),female,NA,paired
SRX5544057,UBERON:0004703,dorsal thalamus,MmulDv:0000029,9-year-old stage (macaque),female,NA,paired
SRX5544058,UBERON:0001898,hypothalamus,MmulDv:0000029,9-year-old stage (macaque),female,NA,paired
SRX5544059,UBERON:0002661,superior frontal gyrus,MmulDv:0000024,4-year-old stage (macaque),male,NA,paired
SRX5544060,UBERON:0002686,angular gyrus,MmulDv:0000024,4-year-old stage (macaque),male,NA,paired
SRX5544061,UBERON:0026137,annectant gyrus,MmulDv:0000024,4-year-old stage (macaque),male,NA,paired
SRX5544062,UBERON:0006092,cuneus cortex,MmulDv:0000024,4-year-old stage (macaque),male,NA,paired
SRX5544063,UBERON:0002948,superior occipital gyrus,MmulDv:0000024,4-year-old stage (macaque),male,NA,paired
SRX5544064,UBERON:0002948,superior occipital gyrus,MmulDv:0000024,4-year-old stage (macaque),male,NA,paired
SRX5544065,UBERON:0014608,inferior occipital gyrus,MmulDv:0000024,4-year-old stage (macaque),male,NA,paired
SRX5544066,UBERON:0002021,occipital lobe,MmulDv:0000024,4-year-old stage (macaque),male,NA,paired
SRX5544067,UBERON:0002661,superior frontal gyrus,MmulDv:0000030,10-year-old stage (macaque),male,NA,paired
SRX5544068,UBERON:0034671,arcuate sulcus,MmulDv:0000030,10-year-old stage (macaque),male,NA,paired
SRX5544069,UBERON:0000451,prefrontal cortex,MmulDv:0000030,10-year-old stage (macaque),male,NA,paired
SRX5544070,UBERON:0002570,medial orbital gyrus,MmulDv:0000030,10-year-old stage (macaque),male,NA,paired
SRX5544071,UBERON:0002022,insula,MmulDv:0000030,10-year-old stage (macaque),male,NA,paired
SRX5544072,UBERON:0002703,precentral gyrus,MmulDv:0000030,10-year-old stage (macaque),male,NA,paired
SRX5544073,UBERON:0002703,precentral gyrus,MmulDv:0000030,10-year-old stage (macaque),male,NA,paired
SRX5544074,UBERON:0002581,postcentral gyrus,MmulDv:0000030,10-year-old stage (macaque),male,NA,paired
SRX5544075,UBERON:0002691,ventral tegmental area,MmulDv:0000023,3-year-old mature stage (macaque),female,NA,paired
SRX5544076,UBERON:0002038,substantia nigra,MmulDv:0000023,3-year-old mature stage (macaque),female,NA,paired
SRX5544077,UBERON:0001891,midbrain,MmulDv:0000023,3-year-old mature stage (macaque),female,NA,paired
SRX5544078,UBERON:0001876,amygdala,MmulDv:0000023,3-year-old mature stage (macaque),female,NA,paired
SRX5544079,UBERON:0001885,dentate gyrus of hippocampal formation,MmulDv:0000023,3-year-old mature stage (macaque),female,NA,paired
SRX5544080,UBERON:0003881,CA1 field of hippocampus,MmulDv:0000023,3-year-old mature stage (macaque),female,NA,paired
SRX5544081,UBERON:0003883,CA3 field of hippocampus,MmulDv:0000023,3-year-old mature stage (macaque),female,NA,paired
SRX5544082,UBERON:0001882,nucleus accumbens,MmulDv:0000023,3-year-old mature stage (macaque),female,NA,paired
SRX5544083,UBERON:0002264,olfactory bulb,MmulDv:0000025,5-year-old stage (macaque),female,NA,paired
SRX5544084,UBERON:0002702,middle frontal gyrus,MmulDv:0000025,5-year-old stage (macaque),female,NA,paired
SRX5544085,UBERON:0002998,inferior frontal gyrus,MmulDv:0000025,5-year-old stage (macaque),female,NA,paired
SRX5544086,UBERON:0002661,superior frontal gyrus,MmulDv:0000025,5-year-old stage (macaque),female,NA,paired
SRX5544087,UBERON:0002661,superior frontal gyrus,MmulDv:0000025,5-year-old stage (macaque),female,NA,paired
SRX5544088,UBERON:0034671,arcuate sulcus,MmulDv:0000025,5-year-old stage (macaque),female,NA,paired
SRX5544089,UBERON:0000451,prefrontal cortex,MmulDv:0000025,5-year-old stage (macaque),female,NA,paired
SRX5544090,UBERON:0002570,medial orbital gyrus,MmulDv:0000025,5-year-old stage (macaque),female,NA,paired
SRX5544091,UBERON:0002581,postcentral gyrus,MmulDv:0000030,10-year-old stage (macaque),male,NA,paired
SRX5544092,UBERON:0006094,superior parietal cortex,MmulDv:0000030,10-year-old stage (macaque),male,NA,paired
SRX5544093,UBERON:0006094,superior parietal cortex,MmulDv:0000030,10-year-old stage (macaque),male,NA,paired
SRX5544094,UBERON:0002913,intraparietal sulcus,MmulDv:0000030,10-year-old stage (macaque),male,NA,paired
SRX5544095,UBERON:0002661,superior frontal gyrus,MmulDv:0000030,10-year-old stage (macaque),male,NA,paired
SRX5544096,UBERON:0002686,angular gyrus,MmulDv:0000030,10-year-old stage (macaque),male,NA,paired
SRX5544097,UBERON:0026137,annectant gyrus,MmulDv:0000030,10-year-old stage (macaque),male,NA,paired
SRX5544098,UBERON:0006092,cuneus cortex,MmulDv:0000030,10-year-old stage (macaque),male,NA,paired
SRX5544099,UBERON:0002751,inferior temporal gyrus,MmulDv:0000024,4-year-old stage (macaque),male,NA,paired
SRX5544100,UBERON:0002769,superior temporal gyrus,MmulDv:0000024,4-year-old stage (macaque),male,NA,paired
SRX5544101,UBERON:0016538,temporal cortex,MmulDv:0000024,4-year-old stage (macaque),male,NA,paired
SRX5544102,UBERON:0002421,hippocampal formation,MmulDv:0000024,4-year-old stage (macaque),male,NA,paired
SRX5544103,UBERON:0002766,fusiform gyrus,MmulDv:0000024,4-year-old stage (macaque),male,NA,paired
SRX5544104,UBERON:0002973,parahippocampal gyrus,MmulDv:0000024,4-year-old stage (macaque),male,NA,paired
SRX5544105,UBERON:0002943,lingual gyrus,MmulDv:0000024,4-year-old stage (macaque),male,NA,paired
SRX5544106,UBERON:0002740,posterior cingulate gyrus,MmulDv:0000024,4-year-old stage (macaque),male,NA,paired
SRX5544107,UBERON:0002022,insula,MmulDv:0000025,5-year-old stage (macaque),female,NA,paired
SRX5544108,UBERON:0002703,precentral gyrus,MmulDv:0000025,5-year-old stage (macaque),female,NA,paired
SRX5544109,UBERON:0002703,precentral gyrus,MmulDv:0000025,5-year-old stage (macaque),female,NA,paired
SRX5544110,UBERON:0002581,postcentral gyrus,MmulDv:0000025,5-year-old stage (macaque),female,NA,paired
SRX5544111,UBERON:0002581,postcentral gyrus,MmulDv:0000025,5-year-old stage (macaque),female,NA,paired
SRX5544112,UBERON:0006094,superior parietal cortex,MmulDv:0000025,5-year-old stage (macaque),female,NA,paired
SRX5544113,UBERON:0006094,superior parietal cortex,MmulDv:0000025,5-year-old stage (macaque),female,NA,paired
SRX5544114,UBERON:0002913,intraparietal sulcus,MmulDv:0000025,5-year-old stage (macaque),female,NA,paired
SRX5544115,UBERON:0001896,medulla oblongata,MmulDv:0000029,9-year-old stage (macaque),female,NA,paired
SRX5544116,UBERON:0000988,pons,MmulDv:0000029,9-year-old stage (macaque),female,NA,paired
SRX5544117,UBERON:0002129,cerebellar cortex,MmulDv:0000029,9-year-old stage (macaque),female,NA,paired
SRX5544118,UBERON:0004720,cerebellar vermis,MmulDv:0000029,9-year-old stage (macaque),female,NA,paired
SRX5544119,UBERON:0002691,ventral tegmental area,MmulDv:0000029,9-year-old stage (macaque),female,NA,paired
SRX5544120,UBERON:0002038,substantia nigra,MmulDv:0000029,9-year-old stage (macaque),female,NA,paired
SRX5544121,UBERON:0001891,midbrain,MmulDv:0000029,9-year-old stage (macaque),female,NA,paired
SRX5544122,UBERON:0001876,amygdala,MmulDv:0000029,9-year-old stage (macaque),female,NA,paired
SRX5544123,UBERON:0001873,caudate nucleus,MmulDv:0000023,3-year-old mature stage (macaque),female,NA,paired
SRX5544124,UBERON:0001874,putamen,MmulDv:0000023,3-year-old mature stage (macaque),female,NA,paired
SRX5544125,UBERON:0001875,globus pallidus,MmulDv:0000023,3-year-old mature stage (macaque),female,NA,paired
SRX5544126,UBERON:0000007,pituitary gland,MmulDv:0000023,3-year-old mature stage (macaque),female,NA,paired
SRX5544127,UBERON:0002264,olfactory bulb,MmulDv:0000030,10-year-old stage (macaque),female,NA,paired
SRX5544128,UBERON:0002702,middle frontal gyrus,MmulDv:0000030,10-year-old stage (macaque),female,NA,paired
SRX5544129,UBERON:0002998,inferior frontal gyrus,MmulDv:0000030,10-year-old stage (macaque),female,NA,paired
SRX5544130,UBERON:0002661,superior frontal gyrus,MmulDv:0000030,10-year-old stage (macaque),female,NA,paired
SRX5544131,UBERON:0001885,dentate gyrus of hippocampal formation,MmulDv:0000029,9-year-old stage (macaque),female,NA,paired
SRX5544132,UBERON:0003881,CA1 field of hippocampus,MmulDv:0000029,9-year-old stage (macaque),female,NA,paired
SRX5544133,UBERON:0003883,CA3 field of hippocampus,MmulDv:0000029,9-year-old stage (macaque),female,NA,paired
SRX5544134,UBERON:0001882,nucleus accumbens,MmulDv:0000029,9-year-old stage (macaque),female,NA,paired
SRX5544135,UBERON:0001873,caudate nucleus,MmulDv:0000029,9-year-old stage (macaque),female,NA,paired
SRX5544136,UBERON:0001874,putamen,MmulDv:0000029,9-year-old stage (macaque),female,NA,paired
SRX5544137,UBERON:0001875,globus pallidus,MmulDv:0000029,9-year-old stage (macaque),female,NA,paired
SRX5544138,UBERON:0000007,pituitary gland,MmulDv:0000029,9-year-old stage (macaque),female,NA,paired
SRX5544139,UBERON:0002948,superior occipital gyrus,MmulDv:0000030,10-year-old stage (macaque),male,NA,paired
SRX5544140,UBERON:0002948,superior occipital gyrus,MmulDv:0000030,10-year-old stage (macaque),male,NA,paired
SRX5544141,UBERON:0014608,inferior occipital gyrus,MmulDv:0000030,10-year-old stage (macaque),male,NA,paired
SRX5544142,UBERON:0002021,occipital lobe,MmulDv:0000030,10-year-old stage (macaque),male,NA,paired
SRX5544143,UBERON:0002751,inferior temporal gyrus,MmulDv:0000030,10-year-old stage (macaque),male,NA,paired
SRX5544144,UBERON:0002769,superior temporal gyrus,MmulDv:0000030,10-year-old stage (macaque),male,NA,paired
SRX5544145,UBERON:0016538,temporal cortex,MmulDv:0000030,10-year-old stage (macaque),male,NA,paired
SRX5544146,UBERON:0002421,hippocampal formation,MmulDv:0000030,10-year-old stage (macaque),male,NA,paired
SRX5544147,UBERON:0002756,anterior cingulate gyrus,MmulDv:0000024,4-year-old stage (macaque),male,NA,paired
SRX5544148,UBERON:0002336,corpus callosum,MmulDv:0000024,4-year-old stage (macaque),male,NA,paired
SRX5544149,UBERON:0004703,dorsal thalamus,MmulDv:0000024,4-year-old stage (macaque),male,NA,paired
SRX5544150,UBERON:0001898,hypothalamus,MmulDv:0000024,4-year-old stage (macaque),male,NA,paired
SRX5544151,UBERON:0001896,medulla oblongata,MmulDv:0000024,4-year-old stage (macaque),male,NA,paired
SRX5544152,UBERON:0000988,pons,MmulDv:0000024,4-year-old stage (macaque),male,NA,paired
SRX5544153,UBERON:0002129,cerebellar cortex,MmulDv:0000024,4-year-old stage (macaque),male,NA,paired
SRX5544154,UBERON:0004720,cerebellar vermis,MmulDv:0000024,4-year-old stage (macaque),male,NA,paired
SRX5544155,UBERON:0002661,superior frontal gyrus,MmulDv:0000025,5-year-old stage (macaque),female,NA,paired
SRX5544156,UBERON:0002686,angular gyrus,MmulDv:0000025,5-year-old stage (macaque),female,NA,paired
SRX5544157,UBERON:0026137,annectant gyrus,MmulDv:0000025,5-year-old stage (macaque),female,NA,paired
SRX5544158,UBERON:0006092,cuneus cortex,MmulDv:0000025,5-year-old stage (macaque),female,NA,paired
SRX5544159,UBERON:0002948,superior occipital gyrus,MmulDv:0000025,5-year-old stage (macaque),female,NA,paired
SRX5544160,UBERON:0002948,superior occipital gyrus,MmulDv:0000025,5-year-old stage (macaque),female,NA,paired
SRX5544161,UBERON:0014608,inferior occipital gyrus,MmulDv:0000025,5-year-old stage (macaque),female,NA,paired
SRX5544162,UBERON:0002021,occipital lobe,MmulDv:0000025,5-year-old stage (macaque),female,NA,paired
SRX5544163,UBERON:0002661,superior frontal gyrus,MmulDv:0000030,10-year-old stage (macaque),female,NA,paired
SRX5544164,UBERON:0034671,arcuate sulcus,MmulDv:0000030,10-year-old stage (macaque),female,NA,paired
SRX5544165,UBERON:0000451,prefrontal cortex,MmulDv:0000030,10-year-old stage (macaque),female,NA,paired
SRX5544166,UBERON:0002570,medial orbital gyrus,MmulDv:0000030,10-year-old stage (macaque),female,NA,paired
SRX5544167,UBERON:0002022,insula,MmulDv:0000030,10-year-old stage (macaque),female,NA,paired
SRX5544168,UBERON:0002703,precentral gyrus,MmulDv:0000030,10-year-old stage (macaque),female,NA,paired
SRX5544169,UBERON:0002703,precentral gyrus,MmulDv:0000030,10-year-old stage (macaque),female,NA,paired
SRX5544170,UBERON:0002581,postcentral gyrus,MmulDv:0000030,10-year-old stage (macaque),female,NA,paired
SRX724897,UBERON:0000178,blood,UBERON:0018241,prime adult stage,mixed,Chinese-origin rhesus macaque,paired
SRX724898,UBERON:0000178,blood,UBERON:0018241,prime adult stage,mixed,Indian-origin rhesus macaque,paired
SRX8483736,UBERON:0000082,adult mammalian kidney,MmulDv:0000025,5-year-old stage (macaque),female,Rhesus,paired
SRX8483738,UBERON:0002107,liver,MmulDv:0000025,5-year-old stage (macaque),female,Rhesus,paired
SRX8483739,UBERON:0002048,lung,MmulDv:0000025,5-year-old stage (macaque),female,Rhesus,paired
SRX8483740,UBERON:0001134,skeletal muscle tissue,MmulDv:0000025,5-year-old stage (macaque),female,Rhesus,paired
SRX8483741,UBERON:0002106,spleen,MmulDv:0000025,5-year-old stage (macaque),female,Rhesus,paired
SRX8483742,UBERON:0000948,heart,MmulDv:0000025,5-year-old stage (macaque),female,Rhesus,paired
SRX8483743,UBERON:0001134,skeletal muscle tissue,MmulDv:0000025,5-year-old stage (macaque),female,Rhesus,paired
SRX8483744,UBERON:0000082,adult mammalian kidney,MmulDv:0000025,5-year-old stage (macaque),female,Rhesus,paired
SRX8483745,UBERON:0002107,liver,MmulDv:0000025,5-year-old stage (macaque),female,Rhesus,paired
SRX8483746,UBERON:0002048,lung,MmulDv:0000025,5-year-old stage (macaque),female,Rhesus,paired
SRX8483747,UBERON:0001134,skeletal muscle tissue,MmulDv:0000025,5-year-old stage (macaque),female,Rhesus,paired
SRX8483749,UBERON:0002106,spleen,MmulDv:0000025,5-year-old stage (macaque),female,Rhesus,paired
SRX8483750,UBERON:0000948,heart,MmulDv:0000025,5-year-old stage (macaque),female,Rhesus,paired
SRX8483751,UBERON:0000082,adult mammalian kidney,MmulDv:0000025,5-year-old stage (macaque),female,Rhesus,paired
SRX8483752,UBERON:0002107,liver,MmulDv:0000025,5-year-old stage (macaque),female,Rhesus,paired
SRX8483753,UBERON:0002048,lung,MmulDv:0000025,5-year-old stage (macaque),female,Rhesus,paired
SRX8483754,UBERON:0001134,skeletal muscle tissue,MmulDv:0000025,5-year-old stage (macaque),female,Rhesus,paired
SRX8483755,UBERON:0002106,spleen,MmulDv:0000025,5-year-old stage (macaque),female,Rhesus,paired
SRX8483756,UBERON:0000948,heart,MmulDv:0000025,5-year-old stage (macaque),female,Rhesus,paired
SRX858064,UBERON:0002106,spleen,UBERON:0000104,life cycle,male,NA,paired
SRX978175,UBERON:0009834,dorsolateral prefrontal cortex,MmulDv:0000030,10-year-old stage (macaque),female,NA,single
SRX978176,UBERON:0009834,dorsolateral prefrontal cortex,MmulDv:0000031,11-year-old stage (macaque),male,NA,single
SRX978177,UBERON:0009834,dorsolateral prefrontal cortex,MmulDv:0000031,11-year-old stage (macaque),female,NA,single
SRX994819,CL:0000017,spermatocyte,UBERON:0018241,prime adult stage,male,NA,paired
SRX994825,CL:0000018,spermatid,UBERON:0018241,prime adult stage,male,NA,paired
SRX994847,CL:0000017,spermatocyte,UBERON:0018241,prime adult stage,male,NA,paired
SRX995288,CL:0000018,spermatid,UBERON:0018241,prime adult stage,male,NA,paired
